"stop_code";"reg";"Nazwa.przystanku";"hour";"nap_sum"
24201;31;"KOCHANOWSKIEGO";"05";11,3703703703704
24201;31;"KOCHANOWSKIEGO";"06";13,1102941176471
24201;31;"KOCHANOWSKIEGO";"07";NA
24201;31;"KOCHANOWSKIEGO";"08";23,15
24201;31;"KOCHANOWSKIEGO";"09";NA
24201;31;"KOCHANOWSKIEGO";"10";NA
24201;31;"KOCHANOWSKIEGO";"11";NA
24201;31;"KOCHANOWSKIEGO";"12";NA
24201;31;"KOCHANOWSKIEGO";"13";NA
24201;31;"KOCHANOWSKIEGO";"14";NA
24201;31;"KOCHANOWSKIEGO";"15";NA
24201;31;"KOCHANOWSKIEGO";"16";NA
24201;31;"KOCHANOWSKIEGO";"17";NA
24201;31;"KOCHANOWSKIEGO";"18";24,1
24201;31;"KOCHANOWSKIEGO";"19";NA
24201;31;"KOCHANOWSKIEGO";"20";15,9051724137931
24201;31;"KOCHANOWSKIEGO";"21";14,4711538461538
24201;31;"KOCHANOWSKIEGO";"22";NA
18009;28;"WSCHOWSKA";"05";16,5263157894737
18009;28;"WSCHOWSKA";"06";24,8333333333333
18009;28;"WSCHOWSKA";"07";30,6774193548387
18009;28;"WSCHOWSKA";"08";21,1724137931034
18009;28;"WSCHOWSKA";"09";22,6481481481481
18009;28;"WSCHOWSKA";"10";24,037037037037
18009;28;"WSCHOWSKA";"11";25,2452830188679
18009;28;"WSCHOWSKA";"12";22,8888888888889
18009;28;"WSCHOWSKA";"13";25,2641509433962
18009;28;"WSCHOWSKA";"14";24,8214285714286
18009;28;"WSCHOWSKA";"15";31,3389830508475
18009;28;"WSCHOWSKA";"16";23,1746031746032
18009;28;"WSCHOWSKA";"17";20,3333333333333
18009;28;"WSCHOWSKA";"18";18,75
18009;28;"WSCHOWSKA";"19";16,0754716981132
18009;28;"WSCHOWSKA";"20";12,9183673469388
18009;28;"WSCHOWSKA";"21";11,0204081632653
18009;28;"WSCHOWSKA";"22";10,046511627907
12109;36;"NOWODWORSKA (STRZEGOMSKA)";"05";NA
12109;36;"NOWODWORSKA (STRZEGOMSKA)";"06";NA
12109;36;"NOWODWORSKA (STRZEGOMSKA)";"07";32,4285714285714
12109;36;"NOWODWORSKA (STRZEGOMSKA)";"08";29,1466666666667
12109;36;"NOWODWORSKA (STRZEGOMSKA)";"09";NA
12109;36;"NOWODWORSKA (STRZEGOMSKA)";"10";32,6030534351145
12109;36;"NOWODWORSKA (STRZEGOMSKA)";"11";35,2671755725191
12109;36;"NOWODWORSKA (STRZEGOMSKA)";"12";37,8074074074074
12109;36;"NOWODWORSKA (STRZEGOMSKA)";"13";34,1756756756757
12109;36;"NOWODWORSKA (STRZEGOMSKA)";"14";34,0368098159509
12109;36;"NOWODWORSKA (STRZEGOMSKA)";"15";24,9050632911392
12109;36;"NOWODWORSKA (STRZEGOMSKA)";"16";NA
12109;36;"NOWODWORSKA (STRZEGOMSKA)";"17";NA
12109;36;"NOWODWORSKA (STRZEGOMSKA)";"18";NA
12109;36;"NOWODWORSKA (STRZEGOMSKA)";"19";NA
12109;36;"NOWODWORSKA (STRZEGOMSKA)";"20";14,1714285714286
12109;36;"NOWODWORSKA (STRZEGOMSKA)";"21";NA
12109;36;"NOWODWORSKA (STRZEGOMSKA)";"22";11,8365384615385
12109;36;"NOWODWORSKA (STRZEGOMSKA)";"23";6,33333333333333
26314;77;"OŁTASZYŃSKA";"06";4
26314;77;"OŁTASZYŃSKA";"07";3
26314;77;"OŁTASZYŃSKA";"08";3
26314;77;"OŁTASZYŃSKA";"09";4,5
26314;77;"OŁTASZYŃSKA";"10";10
26314;77;"OŁTASZYŃSKA";"11";4,5
26314;77;"OŁTASZYŃSKA";"12";6,5
26314;77;"OŁTASZYŃSKA";"13";9
26314;77;"OŁTASZYŃSKA";"14";18,5
26314;77;"OŁTASZYŃSKA";"15";8,75
26314;77;"OŁTASZYŃSKA";"16";9,5
26314;77;"OŁTASZYŃSKA";"17";10,75
26314;77;"OŁTASZYŃSKA";"18";11
26314;77;"OŁTASZYŃSKA";"19";12
26314;77;"OŁTASZYŃSKA";"20";5,66666666666667
26314;77;"OŁTASZYŃSKA";"21";5
26314;77;"OŁTASZYŃSKA";"22";2,66666666666667
26314;77;"OŁTASZYŃSKA/ZWYCIĘSKA";"05";8,2
26314;77;"OŁTASZYŃSKA/ZWYCIĘSKA";"06";11
26314;77;"OŁTASZYŃSKA/ZWYCIĘSKA";"07";NA
26314;77;"OŁTASZYŃSKA/ZWYCIĘSKA";"08";15,5
26314;77;"OŁTASZYŃSKA/ZWYCIĘSKA";"09";NA
26314;77;"OŁTASZYŃSKA/ZWYCIĘSKA";"10";17,6666666666667
26314;77;"OŁTASZYŃSKA/ZWYCIĘSKA";"11";NA
26314;77;"OŁTASZYŃSKA/ZWYCIĘSKA";"12";NA
26314;77;"OŁTASZYŃSKA/ZWYCIĘSKA";"13";20,8
26314;77;"OŁTASZYŃSKA/ZWYCIĘSKA";"14";NA
26314;77;"OŁTASZYŃSKA/ZWYCIĘSKA";"15";21
26314;77;"OŁTASZYŃSKA/ZWYCIĘSKA";"16";NA
26314;77;"OŁTASZYŃSKA/ZWYCIĘSKA";"17";22,6666666666667
26314;77;"OŁTASZYŃSKA/ZWYCIĘSKA";"18";12,625
26314;77;"OŁTASZYŃSKA/ZWYCIĘSKA";"19";15,9285714285714
26314;77;"OŁTASZYŃSKA/ZWYCIĘSKA";"20";11,3076923076923
26314;77;"OŁTASZYŃSKA/ZWYCIĘSKA";"21";8
26314;77;"OŁTASZYŃSKA/ZWYCIĘSKA";"22";5,5
10021;39;"GALERIA DOMINIKAŃSKA (FOSA)";"05";18,7301587301587
10021;39;"GALERIA DOMINIKAŃSKA (FOSA)";"06";26,4638554216867
10021;39;"GALERIA DOMINIKAŃSKA (FOSA)";"07";50
10021;39;"GALERIA DOMINIKAŃSKA (FOSA)";"08";46,0790960451977
10021;39;"GALERIA DOMINIKAŃSKA (FOSA)";"09";42,1488095238095
10021;39;"GALERIA DOMINIKAŃSKA (FOSA)";"10";44,7733333333333
10021;39;"GALERIA DOMINIKAŃSKA (FOSA)";"11";47,15
10021;39;"GALERIA DOMINIKAŃSKA (FOSA)";"12";46,9679487179487
10021;39;"GALERIA DOMINIKAŃSKA (FOSA)";"13";51,1
10021;39;"GALERIA DOMINIKAŃSKA (FOSA)";"14";54,4058823529412
10021;39;"GALERIA DOMINIKAŃSKA (FOSA)";"15";55,3526011560694
10021;39;"GALERIA DOMINIKAŃSKA (FOSA)";"16";55,9144385026738
10021;39;"GALERIA DOMINIKAŃSKA (FOSA)";"17";48,8135593220339
10021;39;"GALERIA DOMINIKAŃSKA (FOSA)";"18";50,1030303030303
10021;39;"GALERIA DOMINIKAŃSKA (FOSA)";"19";42,8175675675676
10021;39;"GALERIA DOMINIKAŃSKA (FOSA)";"20";41,3741007194245
10021;39;"GALERIA DOMINIKAŃSKA (FOSA)";"21";34,5038167938931
10021;39;"GALERIA DOMINIKAŃSKA (FOSA)";"22";29,695652173913
10021;39;"GALERIA DOMINIKAŃSKA (FOSA)";"23";25,8333333333333
18536;13;"DWORSKA (PILCZYCKA)";"05";16,8571428571429
18536;13;"DWORSKA (PILCZYCKA)";"06";16,7333333333333
18536;13;"DWORSKA (PILCZYCKA)";"07";18,1746031746032
18536;13;"DWORSKA (PILCZYCKA)";"08";14,1029411764706
18536;13;"DWORSKA (PILCZYCKA)";"09";12,9848484848485
18536;13;"DWORSKA (PILCZYCKA)";"10";NA
18536;13;"DWORSKA (PILCZYCKA)";"11";16,671875
18536;13;"DWORSKA (PILCZYCKA)";"12";NA
18536;13;"DWORSKA (PILCZYCKA)";"13";17,6666666666667
18536;13;"DWORSKA (PILCZYCKA)";"14";NA
18536;13;"DWORSKA (PILCZYCKA)";"15";NA
18536;13;"DWORSKA (PILCZYCKA)";"16";20,5217391304348
18536;13;"DWORSKA (PILCZYCKA)";"17";NA
18536;13;"DWORSKA (PILCZYCKA)";"18";NA
18536;13;"DWORSKA (PILCZYCKA)";"19";17,25
18536;13;"DWORSKA (PILCZYCKA)";"20";13,7833333333333
18536;13;"DWORSKA (PILCZYCKA)";"21";14,94
18536;13;"DWORSKA (PILCZYCKA)";"22";NA
18536;13;"DWORSKA (PILCZYCKA)";"23";4
21161;6;"MOSTOSTAL";"06";29,6363636363636
21161;6;"MOSTOSTAL";"07";36,8888888888889
21161;6;"MOSTOSTAL";"08";19,375
21161;6;"MOSTOSTAL";"09";13
21161;6;"MOSTOSTAL";"11";9,25
21161;6;"MOSTOSTAL";"12";9,16666666666667
21161;6;"MOSTOSTAL";"13";12,1538461538462
21161;6;"MOSTOSTAL";"14";15,4285714285714
21161;6;"MOSTOSTAL";"15";15,1764705882353
21161;6;"MOSTOSTAL";"16";15,1
21161;6;"MOSTOSTAL";"17";15,25
21161;6;"MOSTOSTAL";"18";14,75
20629;29;"MOSTY WARSZAWSKIE";"05";12,6444444444444
20629;29;"MOSTY WARSZAWSKIE";"06";14,4608695652174
20629;29;"MOSTY WARSZAWSKIE";"07";21,8992248062016
20629;29;"MOSTY WARSZAWSKIE";"08";20,740157480315
20629;29;"MOSTY WARSZAWSKIE";"09";NA
20629;29;"MOSTY WARSZAWSKIE";"10";19,8761061946903
20629;29;"MOSTY WARSZAWSKIE";"11";NA
20629;29;"MOSTY WARSZAWSKIE";"12";NA
20629;29;"MOSTY WARSZAWSKIE";"13";25,672268907563
20629;29;"MOSTY WARSZAWSKIE";"14";NA
20629;29;"MOSTY WARSZAWSKIE";"15";NA
20629;29;"MOSTY WARSZAWSKIE";"16";NA
20629;29;"MOSTY WARSZAWSKIE";"17";NA
20629;29;"MOSTY WARSZAWSKIE";"18";22,0438596491228
20629;29;"MOSTY WARSZAWSKIE";"19";19,9722222222222
20629;29;"MOSTY WARSZAWSKIE";"20";18,9026548672566
20629;29;"MOSTY WARSZAWSKIE";"21";NA
20629;29;"MOSTY WARSZAWSKIE";"22";NA
20629;29;"MOSTY WARSZAWSKIE";"23";2,5
21013;68;"BARDZKA/ARMII KRAJOWEJ";"05";8,9
21013;68;"BARDZKA/ARMII KRAJOWEJ";"06";11,1075268817204
21013;68;"BARDZKA/ARMII KRAJOWEJ";"07";15,2571428571429
21013;68;"BARDZKA/ARMII KRAJOWEJ";"08";13,2631578947368
21013;68;"BARDZKA/ARMII KRAJOWEJ";"09";14,746835443038
21013;68;"BARDZKA/ARMII KRAJOWEJ";"10";NA
21013;68;"BARDZKA/ARMII KRAJOWEJ";"11";17
21013;68;"BARDZKA/ARMII KRAJOWEJ";"12";17,2405063291139
21013;68;"BARDZKA/ARMII KRAJOWEJ";"13";18,5789473684211
21013;68;"BARDZKA/ARMII KRAJOWEJ";"14";NA
21013;68;"BARDZKA/ARMII KRAJOWEJ";"15";NA
21013;68;"BARDZKA/ARMII KRAJOWEJ";"16";NA
21013;68;"BARDZKA/ARMII KRAJOWEJ";"17";NA
21013;68;"BARDZKA/ARMII KRAJOWEJ";"18";15,210843373494
21013;68;"BARDZKA/ARMII KRAJOWEJ";"19";15,7066666666667
21013;68;"BARDZKA/ARMII KRAJOWEJ";"20";11,9935064935065
21013;68;"BARDZKA/ARMII KRAJOWEJ";"21";8,44776119402985
21013;68;"BARDZKA/ARMII KRAJOWEJ";"22";6,83823529411765
21013;68;"BARDZKA/ARMII KRAJOWEJ";"23";15
21123;67;"HUBSKA/KAMIENNA";"05";19,7954545454545
21123;67;"HUBSKA/KAMIENNA";"06";19,3089430894309
21123;67;"HUBSKA/KAMIENNA";"07";25,6585365853659
21123;67;"HUBSKA/KAMIENNA";"08";24,4285714285714
21123;67;"HUBSKA/KAMIENNA";"09";22,9908256880734
21123;67;"HUBSKA/KAMIENNA";"10";22,646017699115
21123;67;"HUBSKA/KAMIENNA";"11";23,8376068376068
21123;67;"HUBSKA/KAMIENNA";"12";26,8290598290598
21123;67;"HUBSKA/KAMIENNA";"13";26,3223140495868
21123;67;"HUBSKA/KAMIENNA";"14";27,6515151515152
21123;67;"HUBSKA/KAMIENNA";"15";NA
21123;67;"HUBSKA/KAMIENNA";"16";NA
21123;67;"HUBSKA/KAMIENNA";"17";NA
21123;67;"HUBSKA/KAMIENNA";"18";24,4262295081967
21123;67;"HUBSKA/KAMIENNA";"19";NA
21123;67;"HUBSKA/KAMIENNA";"20";NA
21123;67;"HUBSKA/KAMIENNA";"21";17,4505494505494
21123;67;"HUBSKA/KAMIENNA";"22";NA
21123;67;"HUBSKA/KAMIENNA";"23";45
23001;43;"MOST OSOBOWICKI - KLECZKOWSKA";"05";8,75757575757576
23001;43;"MOST OSOBOWICKI - KLECZKOWSKA";"06";8,38144329896907
23001;43;"MOST OSOBOWICKI - KLECZKOWSKA";"07";14,752688172043
23001;43;"MOST OSOBOWICKI - KLECZKOWSKA";"08";11,5288461538462
23001;43;"MOST OSOBOWICKI - KLECZKOWSKA";"09";12,2626262626263
23001;43;"MOST OSOBOWICKI - KLECZKOWSKA";"10";18,4302325581395
23001;43;"MOST OSOBOWICKI - KLECZKOWSKA";"11";NA
23001;43;"MOST OSOBOWICKI - KLECZKOWSKA";"12";21,8333333333333
23001;43;"MOST OSOBOWICKI - KLECZKOWSKA";"13";18,4505494505494
23001;43;"MOST OSOBOWICKI - KLECZKOWSKA";"14";23,6875
23001;43;"MOST OSOBOWICKI - KLECZKOWSKA";"15";NA
23001;43;"MOST OSOBOWICKI - KLECZKOWSKA";"16";NA
23001;43;"MOST OSOBOWICKI - KLECZKOWSKA";"17";NA
23001;43;"MOST OSOBOWICKI - KLECZKOWSKA";"18";NA
23001;43;"MOST OSOBOWICKI - KLECZKOWSKA";"19";NA
23001;43;"MOST OSOBOWICKI - KLECZKOWSKA";"20";NA
23001;43;"MOST OSOBOWICKI - KLECZKOWSKA";"21";9,94186046511628
23001;43;"MOST OSOBOWICKI - KLECZKOWSKA";"22";7,85526315789474
23001;43;"MOST OSOBOWICKI - KLECZKOWSKA";"23";14,5
10519;20;"POPOWICKA STACJA KOLEJOWA";"05";19,3030303030303
10519;20;"POPOWICKA STACJA KOLEJOWA";"06";19,2222222222222
10519;20;"POPOWICKA STACJA KOLEJOWA";"07";NA
10519;20;"POPOWICKA STACJA KOLEJOWA";"08";24,7525773195876
10519;20;"POPOWICKA STACJA KOLEJOWA";"09";NA
10519;20;"POPOWICKA STACJA KOLEJOWA";"10";NA
10519;20;"POPOWICKA STACJA KOLEJOWA";"11";NA
10519;20;"POPOWICKA STACJA KOLEJOWA";"12";NA
10519;20;"POPOWICKA STACJA KOLEJOWA";"13";NA
10519;20;"POPOWICKA STACJA KOLEJOWA";"14";NA
10519;20;"POPOWICKA STACJA KOLEJOWA";"15";NA
10519;20;"POPOWICKA STACJA KOLEJOWA";"16";NA
10519;20;"POPOWICKA STACJA KOLEJOWA";"17";NA
10519;20;"POPOWICKA STACJA KOLEJOWA";"18";21,9722222222222
10519;20;"POPOWICKA STACJA KOLEJOWA";"19";NA
10519;20;"POPOWICKA STACJA KOLEJOWA";"20";19,1894736842105
10519;20;"POPOWICKA STACJA KOLEJOWA";"21";17,4117647058824
10519;20;"POPOWICKA STACJA KOLEJOWA";"22";15,7735849056604
10519;20;"POPOWICKA STACJA KOLEJOWA";"23";8,66666666666667
18506;13;"MAŚLICKA/BRODZKA";"06";29,6666666666667
18506;13;"MAŚLICKA/BRODZKA";"07";34,7777777777778
18506;13;"MAŚLICKA/BRODZKA";"08";21,0666666666667
18506;13;"MAŚLICKA/BRODZKA";"09";19,8333333333333
18506;13;"MAŚLICKA/BRODZKA";"10";9,66666666666667
18506;13;"MAŚLICKA/BRODZKA";"11";13,625
18506;13;"MAŚLICKA/BRODZKA";"12";15,4782608695652
18506;13;"MAŚLICKA/BRODZKA";"13";18,0625
18506;13;"MAŚLICKA/BRODZKA";"14";17,8684210526316
18506;13;"MAŚLICKA/BRODZKA";"15";19,0263157894737
18506;13;"MAŚLICKA/BRODZKA";"16";21,8421052631579
18506;13;"MAŚLICKA/BRODZKA";"17";17,1363636363636
18506;13;"MAŚLICKA/BRODZKA";"18";12,625
11511;65;"KRUCZA";"05";13,9285714285714
11511;65;"KRUCZA";"06";17,2835820895522
11511;65;"KRUCZA";"07";29,3818181818182
11511;65;"KRUCZA";"08";27,1694915254237
11511;65;"KRUCZA";"09";24,8166666666667
11511;65;"KRUCZA";"10";31,1372549019608
11511;65;"KRUCZA";"11";30,75
11511;65;"KRUCZA";"12";28,3214285714286
11511;65;"KRUCZA";"13";27,3809523809524
11511;65;"KRUCZA";"14";33,6290322580645
11511;65;"KRUCZA";"15";34,0677966101695
11511;65;"KRUCZA";"16";32,1428571428571
11511;65;"KRUCZA";"17";27,9838709677419
11511;65;"KRUCZA";"18";25,1509433962264
11511;65;"KRUCZA";"19";25,4090909090909
11511;65;"KRUCZA";"20";20,9047619047619
11511;65;"KRUCZA";"21";NA
11511;65;"KRUCZA";"22";15,6382978723404
23557;16;"POLANOWICE";"06";9
23557;16;"POLANOWICE";"07";12,6
23557;16;"POLANOWICE";"08";8,66666666666667
23557;16;"POLANOWICE";"09";NA
23557;16;"POLANOWICE";"11";2,25
23557;16;"POLANOWICE";"12";6,33333333333333
23557;16;"POLANOWICE";"13";7,5
23557;16;"POLANOWICE";"14";5,625
23557;16;"POLANOWICE";"15";7,18181818181818
23557;16;"POLANOWICE";"16";5,8
23557;16;"POLANOWICE";"17";4,5
23557;16;"POLANOWICE";"18";5
25301;64;"WIADUKTOWA";"05";14,1666666666667
25301;64;"WIADUKTOWA";"06";17,8611111111111
25301;64;"WIADUKTOWA";"07";18,7948717948718
25301;64;"WIADUKTOWA";"08";15,1153846153846
25301;64;"WIADUKTOWA";"09";18,9642857142857
25301;64;"WIADUKTOWA";"10";28,0454545454545
25301;64;"WIADUKTOWA";"11";20,6785714285714
25301;64;"WIADUKTOWA";"12";27,962962962963
25301;64;"WIADUKTOWA";"13";26,3636363636364
25301;64;"WIADUKTOWA";"14";28,0882352941176
25301;64;"WIADUKTOWA";"15";25,9142857142857
25301;64;"WIADUKTOWA";"16";24,6
25301;64;"WIADUKTOWA";"17";20,2368421052632
25301;64;"WIADUKTOWA";"18";19,1481481481481
25301;64;"WIADUKTOWA";"19";19,1153846153846
25301;64;"WIADUKTOWA";"20";11,1481481481481
25301;64;"WIADUKTOWA";"21";7,21428571428571
25301;64;"WIADUKTOWA";"22";5,82758620689655
16521;75;"WYŚCIGOWA WIADUKT KOLEJOWY";"06";10,8823529411765
16521;75;"WYŚCIGOWA WIADUKT KOLEJOWY";"07";18,55
16521;75;"WYŚCIGOWA WIADUKT KOLEJOWY";"08";13,1764705882353
16521;75;"WYŚCIGOWA WIADUKT KOLEJOWY";"09";10,2222222222222
16521;75;"WYŚCIGOWA WIADUKT KOLEJOWY";"11";NA
16521;75;"WYŚCIGOWA WIADUKT KOLEJOWY";"12";10,5172413793103
16521;75;"WYŚCIGOWA WIADUKT KOLEJOWY";"13";NA
16521;75;"WYŚCIGOWA WIADUKT KOLEJOWY";"14";13,936170212766
16521;75;"WYŚCIGOWA WIADUKT KOLEJOWY";"15";NA
16521;75;"WYŚCIGOWA WIADUKT KOLEJOWY";"16";NA
16521;75;"WYŚCIGOWA WIADUKT KOLEJOWY";"17";NA
16521;75;"WYŚCIGOWA WIADUKT KOLEJOWY";"18";15,2307692307692
12511;18;"NA OSTATNIM GROSZU (ORLIŃSKIEGO)";"06";25,8666666666667
12511;18;"NA OSTATNIM GROSZU (ORLIŃSKIEGO)";"07";33,7317073170732
12511;18;"NA OSTATNIM GROSZU (ORLIŃSKIEGO)";"08";26,5581395348837
12511;18;"NA OSTATNIM GROSZU (ORLIŃSKIEGO)";"09";22,2777777777778
12511;18;"NA OSTATNIM GROSZU (ORLIŃSKIEGO)";"10";14
12511;18;"NA OSTATNIM GROSZU (ORLIŃSKIEGO)";"11";24,2
12511;18;"NA OSTATNIM GROSZU (ORLIŃSKIEGO)";"12";20,9545454545455
12511;18;"NA OSTATNIM GROSZU (ORLIŃSKIEGO)";"13";26,1857142857143
12511;18;"NA OSTATNIM GROSZU (ORLIŃSKIEGO)";"14";26,7105263157895
12511;18;"NA OSTATNIM GROSZU (ORLIŃSKIEGO)";"15";31,1204819277108
12511;18;"NA OSTATNIM GROSZU (ORLIŃSKIEGO)";"16";28,7088607594937
12511;18;"NA OSTATNIM GROSZU (ORLIŃSKIEGO)";"17";28,5882352941176
12511;18;"NA OSTATNIM GROSZU (ORLIŃSKIEGO)";"18";17,4285714285714
17307;48;"KRZEMIENIECKA";"05";15,4
17307;48;"KRZEMIENIECKA";"06";13,0322580645161
17307;48;"KRZEMIENIECKA";"07";19,6666666666667
17307;48;"KRZEMIENIECKA";"08";20,5
17307;48;"KRZEMIENIECKA";"09";21,4230769230769
17307;48;"KRZEMIENIECKA";"10";20,48
17307;48;"KRZEMIENIECKA";"11";26,5652173913043
17307;48;"KRZEMIENIECKA";"12";26,5833333333333
17307;48;"KRZEMIENIECKA";"13";28,5555555555556
17307;48;"KRZEMIENIECKA";"14";25,1724137931034
17307;48;"KRZEMIENIECKA";"15";25,0909090909091
17307;48;"KRZEMIENIECKA";"16";25,59375
17307;48;"KRZEMIENIECKA";"17";24,3214285714286
17307;48;"KRZEMIENIECKA";"18";23,1034482758621
17307;48;"KRZEMIENIECKA";"19";21
17307;48;"KRZEMIENIECKA";"20";14,4615384615385
17307;48;"KRZEMIENIECKA";"21";12,7083333333333
17307;48;"KRZEMIENIECKA";"22";6,5
10601;19;"MOST POMORSKI";"06";25,5
10601;19;"MOST POMORSKI";"07";38,1785714285714
10601;19;"MOST POMORSKI";"08";33,5238095238095
10601;19;"MOST POMORSKI";"09";26,4545454545455
10601;19;"MOST POMORSKI";"11";29,9166666666667
10601;19;"MOST POMORSKI";"12";30,1666666666667
10601;19;"MOST POMORSKI";"13";34,5882352941176
10601;19;"MOST POMORSKI";"14";NA
10601;19;"MOST POMORSKI";"15";NA
10601;19;"MOST POMORSKI";"16";NA
10601;19;"MOST POMORSKI";"17";NA
10601;19;"MOST POMORSKI";"18";22,8571428571429
18127;50;"STABŁOWICE";"05";8,4
18127;50;"STABŁOWICE";"06";4,95652173913043
18127;50;"STABŁOWICE";"07";6,79166666666667
18127;50;"STABŁOWICE";"08";7,11111111111111
18127;50;"STABŁOWICE";"09";7,80952380952381
18127;50;"STABŁOWICE";"10";9,30769230769231
18127;50;"STABŁOWICE";"11";11,6842105263158
18127;50;"STABŁOWICE";"12";10,7058823529412
18127;50;"STABŁOWICE";"13";10,8947368421053
18127;50;"STABŁOWICE";"14";12,3478260869565
18127;50;"STABŁOWICE";"15";10,3
18127;50;"STABŁOWICE";"16";9,625
18127;50;"STABŁOWICE";"17";8,22727272727273
18127;50;"STABŁOWICE";"18";9,26315789473684
18127;50;"STABŁOWICE";"19";8,11111111111111
18127;50;"STABŁOWICE";"20";6,52941176470588
18127;50;"STABŁOWICE";"21";5,125
18127;50;"STABŁOWICE";"22";4,4375
17103;71;"WIEJSKA";"05";15
17103;71;"WIEJSKA";"06";21,6666666666667
17103;71;"WIEJSKA";"07";13,3333333333333
17103;71;"WIEJSKA";"08";1
17103;71;"WIEJSKA";"11";5,5
17103;71;"WIEJSKA";"12";5,5
17103;71;"WIEJSKA";"13";12,5
17103;71;"WIEJSKA";"14";6,8
17103;71;"WIEJSKA";"15";19,5
17103;71;"WIEJSKA";"16";10,25
17103;71;"WIEJSKA";"17";5,33333333333333
17103;71;"WIEJSKA";"18";5,5
17103;71;"WIEJSKA";"19";5
17103;71;"WIEJSKA";"20";6
17103;71;"WIEJSKA";"21";2,5
17103;71;"WIEJSKA";"22";2
11001;69;"D.A. BOROWSKA";"05";17,8108108108108
11001;69;"D.A. BOROWSKA";"06";21,1691176470588
11001;69;"D.A. BOROWSKA";"07";33,0526315789474
11001;69;"D.A. BOROWSKA";"08";28,7077922077922
11001;69;"D.A. BOROWSKA";"09";26,2
11001;69;"D.A. BOROWSKA";"10";34,0833333333333
11001;69;"D.A. BOROWSKA";"11";36,8692307692308
11001;69;"D.A. BOROWSKA";"12";38,3676470588235
11001;69;"D.A. BOROWSKA";"13";38,0763358778626
11001;69;"D.A. BOROWSKA";"14";36
11001;69;"D.A. BOROWSKA";"15";34,9066666666667
11001;69;"D.A. BOROWSKA";"16";28,822695035461
11001;69;"D.A. BOROWSKA";"17";24,527397260274
11001;69;"D.A. BOROWSKA";"18";26,0656934306569
11001;69;"D.A. BOROWSKA";"19";30,3333333333333
11001;69;"D.A. BOROWSKA";"20";26,1680672268908
11001;69;"D.A. BOROWSKA";"21";22,7983870967742
11001;69;"D.A. BOROWSKA";"22";19,8319327731092
11001;69;"D.A. BOROWSKA";"23";16,25
11001;69;"D.A. STAWOWA WIADUKT";"05";13
11001;69;"D.A. STAWOWA WIADUKT";"06";14,0466321243523
11001;69;"D.A. STAWOWA WIADUKT";"07";25,1611374407583
11001;69;"D.A. STAWOWA WIADUKT";"08";28,5700483091787
11001;69;"D.A. STAWOWA WIADUKT";"09";28,5751295336788
11001;69;"D.A. STAWOWA WIADUKT";"10";NA
11001;69;"D.A. STAWOWA WIADUKT";"11";NA
11001;69;"D.A. STAWOWA WIADUKT";"12";NA
11001;69;"D.A. STAWOWA WIADUKT";"13";NA
11001;69;"D.A. STAWOWA WIADUKT";"14";NA
11001;69;"D.A. STAWOWA WIADUKT";"15";NA
11001;69;"D.A. STAWOWA WIADUKT";"16";36,3398058252427
11001;69;"D.A. STAWOWA WIADUKT";"17";32,2125603864734
11001;69;"D.A. STAWOWA WIADUKT";"18";30,2914572864322
11001;69;"D.A. STAWOWA WIADUKT";"19";29,1436464088398
11001;69;"D.A. STAWOWA WIADUKT";"20";29,4413407821229
11001;69;"D.A. STAWOWA WIADUKT";"21";24,2816091954023
11001;69;"D.A. STAWOWA WIADUKT";"22";18,4761904761905
11001;69;"D.A. STAWOWA WIADUKT";"23";6,33333333333333
11001;69;"D.A. SUCHA";"05";16,3529411764706
11001;69;"D.A. SUCHA";"06";15,1458333333333
11001;69;"D.A. SUCHA";"07";16,7173913043478
11001;69;"D.A. SUCHA";"08";16,3636363636364
11001;69;"D.A. SUCHA";"09";14,0810810810811
11001;69;"D.A. SUCHA";"10";23,4857142857143
11001;69;"D.A. SUCHA";"11";23,972972972973
11001;69;"D.A. SUCHA";"12";24,425
11001;69;"D.A. SUCHA";"13";25,4444444444444
11001;69;"D.A. SUCHA";"14";29,1914893617021
11001;69;"D.A. SUCHA";"15";28,2826086956522
11001;69;"D.A. SUCHA";"16";25,8409090909091
11001;69;"D.A. SUCHA";"17";19,3636363636364
11001;69;"D.A. SUCHA";"18";15,2619047619048
11001;69;"D.A. SUCHA";"19";14,9142857142857
11001;69;"D.A. SUCHA";"20";10,5277777777778
11001;69;"D.A. SUCHA";"21";9,29032258064516
11001;69;"D.A. SUCHA";"22";8,12820512820513
11001;69;"D.A. SWOBODNA";"05";16,5833333333333
11001;69;"D.A. SWOBODNA";"06";14,75
11001;69;"D.A. SWOBODNA";"07";18,8684210526316
11001;69;"D.A. SWOBODNA";"08";21
11001;69;"D.A. SWOBODNA";"09";17,4
11001;69;"D.A. SWOBODNA";"10";18,6666666666667
11001;69;"D.A. SWOBODNA";"11";18,2631578947368
11001;69;"D.A. SWOBODNA";"12";21,6304347826087
11001;69;"D.A. SWOBODNA";"13";19,0697674418605
11001;69;"D.A. SWOBODNA";"14";23,4313725490196
11001;69;"D.A. SWOBODNA";"15";18,8510638297872
11001;69;"D.A. SWOBODNA";"16";20,5128205128205
11001;69;"D.A. SWOBODNA";"17";14,7619047619048
11001;69;"D.A. SWOBODNA";"18";17,55
11001;69;"D.A. SWOBODNA";"19";13,5714285714286
11001;69;"D.A. SWOBODNA";"20";10,9393939393939
11001;69;"D.A. SWOBODNA";"21";11,2857142857143
11001;69;"D.A. SWOBODNA";"22";12,037037037037
11001;69;"D.A. SWOBODNA";"23";8
11001;69;"D.A. ŚLĘŻNA";"05";11,1333333333333
11001;69;"D.A. ŚLĘŻNA";"06";14,8461538461538
11001;69;"D.A. ŚLĘŻNA";"07";20,7560975609756
11001;69;"D.A. ŚLĘŻNA";"08";22,525
11001;69;"D.A. ŚLĘŻNA";"09";20,8181818181818
11001;69;"D.A. ŚLĘŻNA";"10";31,5625
11001;69;"D.A. ŚLĘŻNA";"11";24,8064516129032
11001;69;"D.A. ŚLĘŻNA";"12";35,5757575757576
11001;69;"D.A. ŚLĘŻNA";"13";39,0625
11001;69;"D.A. ŚLĘŻNA";"14";37,1621621621622
11001;69;"D.A. ŚLĘŻNA";"15";38,2631578947368
11001;69;"D.A. ŚLĘŻNA";"16";26,6756756756757
11001;69;"D.A. ŚLĘŻNA";"17";25,9166666666667
11001;69;"D.A. ŚLĘŻNA";"18";28,2
11001;69;"D.A. ŚLĘŻNA";"19";27,5483870967742
11001;69;"D.A. ŚLĘŻNA";"20";25,8064516129032
11001;69;"D.A. ŚLĘŻNA";"21";29,7575757575758
11001;69;"D.A. ŚLĘŻNA";"22";21,1290322580645
11001;69;"D.A. ŚLĘŻNA";"23";50
26301;75;"PRZYSTANKOWA (GROTA ROWECKIEGO)";"05";23,375
26301;75;"PRZYSTANKOWA (GROTA ROWECKIEGO)";"06";27,8461538461538
26301;75;"PRZYSTANKOWA (GROTA ROWECKIEGO)";"07";34,5
26301;75;"PRZYSTANKOWA (GROTA ROWECKIEGO)";"08";35
26301;75;"PRZYSTANKOWA (GROTA ROWECKIEGO)";"09";33,32
26301;75;"PRZYSTANKOWA (GROTA ROWECKIEGO)";"10";37,5833333333333
26301;75;"PRZYSTANKOWA (GROTA ROWECKIEGO)";"11";37,9130434782609
26301;75;"PRZYSTANKOWA (GROTA ROWECKIEGO)";"12";NA
26301;75;"PRZYSTANKOWA (GROTA ROWECKIEGO)";"13";38,0434782608696
26301;75;"PRZYSTANKOWA (GROTA ROWECKIEGO)";"14";NA
26301;75;"PRZYSTANKOWA (GROTA ROWECKIEGO)";"15";NA
26301;75;"PRZYSTANKOWA (GROTA ROWECKIEGO)";"16";36,448275862069
26301;75;"PRZYSTANKOWA (GROTA ROWECKIEGO)";"17";30,8888888888889
26301;75;"PRZYSTANKOWA (GROTA ROWECKIEGO)";"18";NA
26301;75;"PRZYSTANKOWA (GROTA ROWECKIEGO)";"19";25,76
26301;75;"PRZYSTANKOWA (GROTA ROWECKIEGO)";"20";26,8
26301;75;"PRZYSTANKOWA (GROTA ROWECKIEGO)";"21";20,2272727272727
26301;75;"PRZYSTANKOWA (GROTA ROWECKIEGO)";"22";16,8260869565217
26301;75;"PRZYSTANKOWA (GROTA ROWECKIEGO)";"23";8
18333;NA;"LAS RATYŃSKI (GROMADZKA)";"06";8,33333333333333
18333;NA;"LAS RATYŃSKI (GROMADZKA)";"08";7,5
18333;NA;"LAS RATYŃSKI (GROMADZKA)";"10";9
18333;NA;"LAS RATYŃSKI (GROMADZKA)";"13";8,75
18333;NA;"LAS RATYŃSKI (GROMADZKA)";"14";5
18333;NA;"LAS RATYŃSKI (GROMADZKA)";"15";2,5
18333;NA;"LAS RATYŃSKI (GROMADZKA)";"16";3,33333333333333
18333;NA;"LAS RATYŃSKI (GROMADZKA)";"18";4
18005;28;"KAMIEŃSKIEGO/ŻMIGRODZKA";"05";12,5675675675676
18005;28;"KAMIEŃSKIEGO/ŻMIGRODZKA";"06";NA
18005;28;"KAMIEŃSKIEGO/ŻMIGRODZKA";"07";NA
18005;28;"KAMIEŃSKIEGO/ŻMIGRODZKA";"08";NA
18005;28;"KAMIEŃSKIEGO/ŻMIGRODZKA";"09";NA
18005;28;"KAMIEŃSKIEGO/ŻMIGRODZKA";"10";12,976
18005;28;"KAMIEŃSKIEGO/ŻMIGRODZKA";"11";NA
18005;28;"KAMIEŃSKIEGO/ŻMIGRODZKA";"12";15,0887096774194
18005;28;"KAMIEŃSKIEGO/ŻMIGRODZKA";"13";NA
18005;28;"KAMIEŃSKIEGO/ŻMIGRODZKA";"14";NA
18005;28;"KAMIEŃSKIEGO/ŻMIGRODZKA";"15";18,0656934306569
18005;28;"KAMIEŃSKIEGO/ŻMIGRODZKA";"16";NA
18005;28;"KAMIEŃSKIEGO/ŻMIGRODZKA";"17";NA
18005;28;"KAMIEŃSKIEGO/ŻMIGRODZKA";"18";NA
18005;28;"KAMIEŃSKIEGO/ŻMIGRODZKA";"19";9,87619047619048
18005;28;"KAMIEŃSKIEGO/ŻMIGRODZKA";"20";8,04545454545454
18005;28;"KAMIEŃSKIEGO/ŻMIGRODZKA";"21";7,74074074074074
18005;28;"KAMIEŃSKIEGO/ŻMIGRODZKA";"22";6,45555555555556
18005;28;"KAMIEŃSKIEGO/ŻMIGRODZKA";"23";7
12407;18;"METALOWCÓW";"05";14,5428571428571
12407;18;"METALOWCÓW";"06";14,9122807017544
12407;18;"METALOWCÓW";"07";15,7540983606557
12407;18;"METALOWCÓW";"08";15,7310924369748
12407;18;"METALOWCÓW";"09";15,8288288288288
12407;18;"METALOWCÓW";"10";NA
12407;18;"METALOWCÓW";"11";NA
12407;18;"METALOWCÓW";"12";NA
12407;18;"METALOWCÓW";"13";NA
12407;18;"METALOWCÓW";"14";NA
12407;18;"METALOWCÓW";"15";NA
12407;18;"METALOWCÓW";"16";24,25
12407;18;"METALOWCÓW";"17";NA
12407;18;"METALOWCÓW";"18";NA
12407;18;"METALOWCÓW";"19";NA
12407;18;"METALOWCÓW";"20";NA
12407;18;"METALOWCÓW";"21";12,2637362637363
12407;18;"METALOWCÓW";"22";9,94936708860759
23551;41;"TWARDOGÓRSKA (KAMIEŃSKIEGO)";"06";17,2
23551;41;"TWARDOGÓRSKA (KAMIEŃSKIEGO)";"07";21,1428571428571
23551;41;"TWARDOGÓRSKA (KAMIEŃSKIEGO)";"08";21,6666666666667
23551;41;"TWARDOGÓRSKA (KAMIEŃSKIEGO)";"09";15,25
23551;41;"TWARDOGÓRSKA (KAMIEŃSKIEGO)";"10";25
23551;41;"TWARDOGÓRSKA (KAMIEŃSKIEGO)";"11";10,625
23551;41;"TWARDOGÓRSKA (KAMIEŃSKIEGO)";"12";13,4285714285714
23551;41;"TWARDOGÓRSKA (KAMIEŃSKIEGO)";"13";14,4545454545455
23551;41;"TWARDOGÓRSKA (KAMIEŃSKIEGO)";"14";15,0909090909091
23551;41;"TWARDOGÓRSKA (KAMIEŃSKIEGO)";"15";13,4166666666667
23551;41;"TWARDOGÓRSKA (KAMIEŃSKIEGO)";"16";11,7272727272727
23551;41;"TWARDOGÓRSKA (KAMIEŃSKIEGO)";"17";11,9285714285714
23551;41;"TWARDOGÓRSKA (KAMIEŃSKIEGO)";"18";8
10245;60;"GRABISZYŃSKA (ZAPOROSKA)";"05";5
10245;60;"GRABISZYŃSKA (ZAPOROSKA)";"06";17,3103448275862
10245;60;"GRABISZYŃSKA (ZAPOROSKA)";"07";32,2916666666667
10245;60;"GRABISZYŃSKA (ZAPOROSKA)";"08";22,625
10245;60;"GRABISZYŃSKA (ZAPOROSKA)";"09";21,7777777777778
10245;60;"GRABISZYŃSKA (ZAPOROSKA)";"11";23,4166666666667
10245;60;"GRABISZYŃSKA (ZAPOROSKA)";"12";21,8333333333333
10245;60;"GRABISZYŃSKA (ZAPOROSKA)";"13";24,6052631578947
10245;60;"GRABISZYŃSKA (ZAPOROSKA)";"14";26,7906976744186
10245;60;"GRABISZYŃSKA (ZAPOROSKA)";"15";34,1
10245;60;"GRABISZYŃSKA (ZAPOROSKA)";"16";29,7
10245;60;"GRABISZYŃSKA (ZAPOROSKA)";"17";23,3809523809524
10245;60;"GRABISZYŃSKA (ZAPOROSKA)";"18";14,8888888888889
10649;19;"MOSTY MIESZCZAŃSKIE";"05";14,3181818181818
10649;19;"MOSTY MIESZCZAŃSKIE";"06";17,5897435897436
10649;19;"MOSTY MIESZCZAŃSKIE";"07";26,7948717948718
10649;19;"MOSTY MIESZCZAŃSKIE";"08";22,0632911392405
10649;19;"MOSTY MIESZCZAŃSKIE";"09";22,72
10649;19;"MOSTY MIESZCZAŃSKIE";"10";NA
10649;19;"MOSTY MIESZCZAŃSKIE";"11";26,925
10649;19;"MOSTY MIESZCZAŃSKIE";"12";30,1392405063291
10649;19;"MOSTY MIESZCZAŃSKIE";"13";31,3953488372093
10649;19;"MOSTY MIESZCZAŃSKIE";"14";33,2134831460674
10649;19;"MOSTY MIESZCZAŃSKIE";"15";31,9565217391304
10649;19;"MOSTY MIESZCZAŃSKIE";"16";26,8285714285714
10649;19;"MOSTY MIESZCZAŃSKIE";"17";25,7920792079208
10649;19;"MOSTY MIESZCZAŃSKIE";"18";24,6631578947368
10649;19;"MOSTY MIESZCZAŃSKIE";"19";23,2888888888889
10649;19;"MOSTY MIESZCZAŃSKIE";"20";22,3448275862069
10649;19;"MOSTY MIESZCZAŃSKIE";"21";18,8571428571429
10649;19;"MOSTY MIESZCZAŃSKIE";"22";14,5666666666667
10649;19;"MOSTY MIESZCZAŃSKIE";"23";15
20205;49;"NA NISKICH ŁĄKACH";"05";13,4230769230769
20205;49;"NA NISKICH ŁĄKACH";"06";15,8947368421053
20205;49;"NA NISKICH ŁĄKACH";"07";21,0779220779221
20205;49;"NA NISKICH ŁĄKACH";"08";23,8285714285714
20205;49;"NA NISKICH ŁĄKACH";"09";23,4117647058824
20205;49;"NA NISKICH ŁĄKACH";"10";24,5588235294118
20205;49;"NA NISKICH ŁĄKACH";"11";26,4153846153846
20205;49;"NA NISKICH ŁĄKACH";"12";15,6865671641791
20205;49;"NA NISKICH ŁĄKACH";"13";17,0746268656716
20205;49;"NA NISKICH ŁĄKACH";"14";18,2307692307692
20205;49;"NA NISKICH ŁĄKACH";"15";21,038961038961
20205;49;"NA NISKICH ŁĄKACH";"16";18,7594936708861
20205;49;"NA NISKICH ŁĄKACH";"17";16,620253164557
20205;49;"NA NISKICH ŁĄKACH";"18";19,9375
20205;49;"NA NISKICH ŁĄKACH";"19";19,1060606060606
20205;49;"NA NISKICH ŁĄKACH";"20";15,5428571428571
20205;49;"NA NISKICH ŁĄKACH";"21";11,2903225806452
20205;49;"NA NISKICH ŁĄKACH";"22";6,96153846153846
20205;49;"NA NISKICH ŁĄKACH";"23";2
29501;12;"ZAKRZOWSKA (WIADUKT KOLEJOWY)";"05";12,5833333333333
29501;12;"ZAKRZOWSKA (WIADUKT KOLEJOWY)";"06";NA
29501;12;"ZAKRZOWSKA (WIADUKT KOLEJOWY)";"07";NA
29501;12;"ZAKRZOWSKA (WIADUKT KOLEJOWY)";"08";NA
29501;12;"ZAKRZOWSKA (WIADUKT KOLEJOWY)";"09";NA
29501;12;"ZAKRZOWSKA (WIADUKT KOLEJOWY)";"10";NA
29501;12;"ZAKRZOWSKA (WIADUKT KOLEJOWY)";"11";NA
29501;12;"ZAKRZOWSKA (WIADUKT KOLEJOWY)";"12";NA
29501;12;"ZAKRZOWSKA (WIADUKT KOLEJOWY)";"13";NA
29501;12;"ZAKRZOWSKA (WIADUKT KOLEJOWY)";"14";23,135593220339
29501;12;"ZAKRZOWSKA (WIADUKT KOLEJOWY)";"15";20,7076923076923
29501;12;"ZAKRZOWSKA (WIADUKT KOLEJOWY)";"16";19,8615384615385
29501;12;"ZAKRZOWSKA (WIADUKT KOLEJOWY)";"17";19,609375
29501;12;"ZAKRZOWSKA (WIADUKT KOLEJOWY)";"18";15,016393442623
29501;12;"ZAKRZOWSKA (WIADUKT KOLEJOWY)";"19";12,9090909090909
29501;12;"ZAKRZOWSKA (WIADUKT KOLEJOWY)";"20";12,5686274509804
29501;12;"ZAKRZOWSKA (WIADUKT KOLEJOWY)";"21";8,50980392156863
29501;12;"ZAKRZOWSKA (WIADUKT KOLEJOWY)";"22";6,59259259259259
29501;12;"ZAKRZOWSKA (WIADUKT KOLEJOWY)";" 0";30
18346;46;"ŻAR";"05";9,33333333333333
18346;46;"ŻAR";"06";7,8
18346;46;"ŻAR";"07";9,75
18346;46;"ŻAR";"08";1,75
18346;46;"ŻAR";"09";1,85714285714286
18346;46;"ŻAR";"10";3,14285714285714
18346;46;"ŻAR";"11";0,428571428571429
18346;46;"ŻAR";"12";1,5
18346;46;"ŻAR";"13";3
18346;46;"ŻAR";"14";3,5
18346;46;"ŻAR";"15";1,75
18346;46;"ŻAR";"16";1
18346;46;"ŻAR";"17";2,5
18346;46;"ŻAR";"18";2,5
18346;46;"ŻAR";"19";1,5
18346;46;"ŻAR";"21";1
18346;46;"ŻAR";"22";0,5
11605;62;"FAT (WIADUKT KOLEJOWY)";"05";16,88
11605;62;"FAT (WIADUKT KOLEJOWY)";"06";21,8333333333333
11605;62;"FAT (WIADUKT KOLEJOWY)";"07";36,2777777777778
11605;62;"FAT (WIADUKT KOLEJOWY)";"08";25,2372881355932
11605;62;"FAT (WIADUKT KOLEJOWY)";"09";25,6481481481481
11605;62;"FAT (WIADUKT KOLEJOWY)";"10";28,5357142857143
11605;62;"FAT (WIADUKT KOLEJOWY)";"11";32,6730769230769
11605;62;"FAT (WIADUKT KOLEJOWY)";"12";32,9591836734694
11605;62;"FAT (WIADUKT KOLEJOWY)";"13";33,140350877193
11605;62;"FAT (WIADUKT KOLEJOWY)";"14";38,3392857142857
11605;62;"FAT (WIADUKT KOLEJOWY)";"15";37,9444444444444
11605;62;"FAT (WIADUKT KOLEJOWY)";"16";39,0909090909091
11605;62;"FAT (WIADUKT KOLEJOWY)";"17";34,6491228070175
11605;62;"FAT (WIADUKT KOLEJOWY)";"18";29,2181818181818
11605;62;"FAT (WIADUKT KOLEJOWY)";"19";24,6111111111111
11605;62;"FAT (WIADUKT KOLEJOWY)";"20";19,6730769230769
11605;62;"FAT (WIADUKT KOLEJOWY)";"21";22,3571428571429
11605;62;"FAT (WIADUKT KOLEJOWY)";"22";20,3142857142857
11605;62;"FAT (WIADUKT KOLEJOWY)";"23";18,5
11605;62;"FAT (WIADUKT KOLEJOWY)";" 2";30
29313;53;"KIEŁCZOWSKA CMENTARZ";"05";10
29313;53;"KIEŁCZOWSKA CMENTARZ";"06";3,33333333333333
29313;53;"KIEŁCZOWSKA CMENTARZ";"07";3,11111111111111
29313;53;"KIEŁCZOWSKA CMENTARZ";"08";3,33333333333333
29313;53;"KIEŁCZOWSKA CMENTARZ";"09";3,8
29313;53;"KIEŁCZOWSKA CMENTARZ";"10";NA
29313;53;"KIEŁCZOWSKA CMENTARZ";"11";NA
29313;53;"KIEŁCZOWSKA CMENTARZ";"12";8,28571428571429
29313;53;"KIEŁCZOWSKA CMENTARZ";"13";13,125
29313;53;"KIEŁCZOWSKA CMENTARZ";"14";7,66666666666667
29313;53;"KIEŁCZOWSKA CMENTARZ";"15";NA
29313;53;"KIEŁCZOWSKA CMENTARZ";"16";6,66666666666667
29313;53;"KIEŁCZOWSKA CMENTARZ";"17";3,66666666666667
29313;53;"KIEŁCZOWSKA CMENTARZ";"18";4
29313;53;"KIEŁCZOWSKA CMENTARZ";"19";3
29313;53;"KIEŁCZOWSKA CMENTARZ";"20";3
29313;53;"KIEŁCZOWSKA LZN";"05";16
29313;53;"KIEŁCZOWSKA LZN";"06";28,1904761904762
29313;53;"KIEŁCZOWSKA LZN";"07";30,2727272727273
29313;53;"KIEŁCZOWSKA LZN";"08";25
29313;53;"KIEŁCZOWSKA LZN";"09";20,1666666666667
29313;53;"KIEŁCZOWSKA LZN";"10";14,5
29313;53;"KIEŁCZOWSKA LZN";"11";35
29313;53;"KIEŁCZOWSKA LZN";"12";38,8888888888889
29313;53;"KIEŁCZOWSKA LZN";"13";29,9047619047619
29313;53;"KIEŁCZOWSKA LZN";"14";26,1052631578947
29313;53;"KIEŁCZOWSKA LZN";"15";24,4736842105263
29313;53;"KIEŁCZOWSKA LZN";"16";22,1860465116279
29313;53;"KIEŁCZOWSKA LZN";"17";21,2619047619048
29313;53;"KIEŁCZOWSKA LZN";"18";20,625
10243;60;"PLAC LEGIONÓW (GRABISZYŃSKA)";"05";16,4666666666667
10243;60;"PLAC LEGIONÓW (GRABISZYŃSKA)";"06";19,8850574712644
10243;60;"PLAC LEGIONÓW (GRABISZYŃSKA)";"07";31,1976744186047
10243;60;"PLAC LEGIONÓW (GRABISZYŃSKA)";"08";NA
10243;60;"PLAC LEGIONÓW (GRABISZYŃSKA)";"09";NA
10243;60;"PLAC LEGIONÓW (GRABISZYŃSKA)";"10";NA
10243;60;"PLAC LEGIONÓW (GRABISZYŃSKA)";"11";NA
10243;60;"PLAC LEGIONÓW (GRABISZYŃSKA)";"12";NA
10243;60;"PLAC LEGIONÓW (GRABISZYŃSKA)";"13";NA
10243;60;"PLAC LEGIONÓW (GRABISZYŃSKA)";"14";40,5730337078652
10243;60;"PLAC LEGIONÓW (GRABISZYŃSKA)";"15";40,4117647058824
10243;60;"PLAC LEGIONÓW (GRABISZYŃSKA)";"16";NA
10243;60;"PLAC LEGIONÓW (GRABISZYŃSKA)";"17";NA
10243;60;"PLAC LEGIONÓW (GRABISZYŃSKA)";"18";NA
10243;60;"PLAC LEGIONÓW (GRABISZYŃSKA)";"19";NA
10243;60;"PLAC LEGIONÓW (GRABISZYŃSKA)";"20";34,1142857142857
10243;60;"PLAC LEGIONÓW (GRABISZYŃSKA)";"21";25,8
10243;60;"PLAC LEGIONÓW (GRABISZYŃSKA)";"22";18,7671232876712
10243;60;"PLAC LEGIONÓW (GRABISZYŃSKA)";"23";6
20263;49;"KOŚCIUSZKI/DWORCOWA";"05";12,3513513513514
20263;49;"KOŚCIUSZKI/DWORCOWA";"06";17,9444444444444
20263;49;"KOŚCIUSZKI/DWORCOWA";"07";30,6794871794872
20263;49;"KOŚCIUSZKI/DWORCOWA";"08";26,8658536585366
20263;49;"KOŚCIUSZKI/DWORCOWA";"09";30,828125
20263;49;"KOŚCIUSZKI/DWORCOWA";"10";29,7704918032787
20263;49;"KOŚCIUSZKI/DWORCOWA";"11";29,5409836065574
20263;49;"KOŚCIUSZKI/DWORCOWA";"12";34,6764705882353
20263;49;"KOŚCIUSZKI/DWORCOWA";"13";29,5538461538462
20263;49;"KOŚCIUSZKI/DWORCOWA";"14";34,8684210526316
20263;49;"KOŚCIUSZKI/DWORCOWA";"15";30,8717948717949
20263;49;"KOŚCIUSZKI/DWORCOWA";"16";NA
20263;49;"KOŚCIUSZKI/DWORCOWA";"17";24,7894736842105
20263;49;"KOŚCIUSZKI/DWORCOWA";"18";27,4375
20263;49;"KOŚCIUSZKI/DWORCOWA";"19";25,6451612903226
20263;49;"KOŚCIUSZKI/DWORCOWA";"20";22,40625
20263;49;"KOŚCIUSZKI/DWORCOWA";"21";16,3275862068966
20263;49;"KOŚCIUSZKI/DWORCOWA";"22";NA
20263;49;"KOŚCIUSZKI/DWORCOWA";"23";1
23009;43;"BAŁTYCKA";"05";NA
23009;43;"BAŁTYCKA";"06";6,61616161616162
23009;43;"BAŁTYCKA";"07";13
23009;43;"BAŁTYCKA";"08";9,68468468468468
23009;43;"BAŁTYCKA";"09";10,7888888888889
23009;43;"BAŁTYCKA";"10";17,3125
23009;43;"BAŁTYCKA";"11";16,1639344262295
23009;43;"BAŁTYCKA";"12";20,2931034482759
23009;43;"BAŁTYCKA";"13";15,2209302325581
23009;43;"BAŁTYCKA";"14";18,1625
23009;43;"BAŁTYCKA";"15";NA
23009;43;"BAŁTYCKA";"16";17,0133333333333
23009;43;"BAŁTYCKA";"17";NA
23009;43;"BAŁTYCKA";"18";NA
23009;43;"BAŁTYCKA";"19";11,3134328358209
23009;43;"BAŁTYCKA";"20";7
23009;43;"BAŁTYCKA";"21";4,20560747663551
23009;43;"BAŁTYCKA";"22";3
23009;43;"BAŁTYCKA";"23";9
21103;69;"ROD BAJKI (BOROWSKA)";"05";13,2978723404255
21103;69;"ROD BAJKI (BOROWSKA)";"06";NA
21103;69;"ROD BAJKI (BOROWSKA)";"07";NA
21103;69;"ROD BAJKI (BOROWSKA)";"08";NA
21103;69;"ROD BAJKI (BOROWSKA)";"09";NA
21103;69;"ROD BAJKI (BOROWSKA)";"10";28,4558823529412
21103;69;"ROD BAJKI (BOROWSKA)";"11";32,3937007874016
21103;69;"ROD BAJKI (BOROWSKA)";"12";34,2330827067669
21103;69;"ROD BAJKI (BOROWSKA)";"13";NA
21103;69;"ROD BAJKI (BOROWSKA)";"14";38,2649006622517
21103;69;"ROD BAJKI (BOROWSKA)";"15";37,1830065359477
21103;69;"ROD BAJKI (BOROWSKA)";"16";36,474358974359
21103;69;"ROD BAJKI (BOROWSKA)";"17";45,3939393939394
21103;69;"ROD BAJKI (BOROWSKA)";"18";NA
21103;69;"ROD BAJKI (BOROWSKA)";"19";31,3037037037037
21103;69;"ROD BAJKI (BOROWSKA)";"20";22,2166666666667
21103;69;"ROD BAJKI (BOROWSKA)";"21";20,1984126984127
21103;69;"ROD BAJKI (BOROWSKA)";"22";15,4491525423729
21103;69;"ROD BAJKI (BOROWSKA)";"23";11
11215;73;"KRZYKI (KRZYCKA)";"05";4,91666666666667
11215;73;"KRZYKI (KRZYCKA)";"06";NA
11215;73;"KRZYKI (KRZYCKA)";"07";NA
11215;73;"KRZYKI (KRZYCKA)";"08";NA
11215;73;"KRZYKI (KRZYCKA)";"09";NA
11215;73;"KRZYKI (KRZYCKA)";"10";18,6153846153846
11215;73;"KRZYKI (KRZYCKA)";"11";21,8076923076923
11215;73;"KRZYKI (KRZYCKA)";"12";22,1481481481481
11215;73;"KRZYKI (KRZYCKA)";"13";26,2962962962963
11215;73;"KRZYKI (KRZYCKA)";"14";20,3666666666667
11215;73;"KRZYKI (KRZYCKA)";"15";19,9333333333333
11215;73;"KRZYKI (KRZYCKA)";"16";22,3548387096774
11215;73;"KRZYKI (KRZYCKA)";"17";17,21875
11215;73;"KRZYKI (KRZYCKA)";"18";14,75
11215;73;"KRZYKI (KRZYCKA)";"19";16,0769230769231
11215;73;"KRZYKI (KRZYCKA)";"20";11,1153846153846
11215;73;"KRZYKI (KRZYCKA)";"21";10,04
11215;73;"KRZYKI (KRZYCKA)";"22";5,79166666666667
11215;73;"KRZYKI (KRZYCKA)";"23";4
10375;60;"PIŁSUDSKIEGO/KOMANDORSKA";"05";18,1363636363636
10375;60;"PIŁSUDSKIEGO/KOMANDORSKA";"06";20,709219858156
10375;60;"PIŁSUDSKIEGO/KOMANDORSKA";"07";33,8064516129032
10375;60;"PIŁSUDSKIEGO/KOMANDORSKA";"08";33,2649006622517
10375;60;"PIŁSUDSKIEGO/KOMANDORSKA";"09";32,7323943661972
10375;60;"PIŁSUDSKIEGO/KOMANDORSKA";"10";31,2986111111111
10375;60;"PIŁSUDSKIEGO/KOMANDORSKA";"11";37,8285714285714
10375;60;"PIŁSUDSKIEGO/KOMANDORSKA";"12";43,8461538461538
10375;60;"PIŁSUDSKIEGO/KOMANDORSKA";"13";44,9172413793103
10375;60;"PIŁSUDSKIEGO/KOMANDORSKA";"14";43,7434210526316
10375;60;"PIŁSUDSKIEGO/KOMANDORSKA";"15";43,5987261146497
10375;60;"PIŁSUDSKIEGO/KOMANDORSKA";"16";43,141935483871
10375;60;"PIŁSUDSKIEGO/KOMANDORSKA";"17";40,275641025641
10375;60;"PIŁSUDSKIEGO/KOMANDORSKA";"18";37,4366197183099
10375;60;"PIŁSUDSKIEGO/KOMANDORSKA";"19";NA
10375;60;"PIŁSUDSKIEGO/KOMANDORSKA";"20";38
10375;60;"PIŁSUDSKIEGO/KOMANDORSKA";"21";33,9490445859873
10375;60;"PIŁSUDSKIEGO/KOMANDORSKA";"22";25,5217391304348
10375;60;"PIŁSUDSKIEGO/KOMANDORSKA";"23";13,75
16410;24;"KLECINA PĘTLA";"05";11,9166666666667
16410;24;"KLECINA PĘTLA";"06";19,7037037037037
16410;24;"KLECINA PĘTLA";"07";29,0769230769231
16410;24;"KLECINA PĘTLA";"08";27
16410;24;"KLECINA PĘTLA";"09";20,625
16410;24;"KLECINA PĘTLA";"10";21,6538461538462
16410;24;"KLECINA PĘTLA";"11";21,9230769230769
16410;24;"KLECINA PĘTLA";"12";26,7333333333333
16410;24;"KLECINA PĘTLA";"13";28,9583333333333
16410;24;"KLECINA PĘTLA";"14";28,0625
16410;24;"KLECINA PĘTLA";"15";29,6
16410;24;"KLECINA PĘTLA";"16";27,8181818181818
16410;24;"KLECINA PĘTLA";"17";27,1
16410;24;"KLECINA PĘTLA";"18";22,9259259259259
16410;24;"KLECINA PĘTLA";"19";19,6785714285714
16410;24;"KLECINA PĘTLA";"20";20,0357142857143
16410;24;"KLECINA PĘTLA";"21";13,7931034482759
16410;24;"KLECINA PĘTLA";"22";11,7619047619048
20281;39;"MOST POKOJU - URZĄD WOJEWÓDZKI";"05";16,25
20281;39;"MOST POKOJU - URZĄD WOJEWÓDZKI";"06";24,1882352941176
20281;39;"MOST POKOJU - URZĄD WOJEWÓDZKI";"07";40,1686746987952
20281;39;"MOST POKOJU - URZĄD WOJEWÓDZKI";"08";36,2380952380952
20281;39;"MOST POKOJU - URZĄD WOJEWÓDZKI";"09";42,1518987341772
20281;39;"MOST POKOJU - URZĄD WOJEWÓDZKI";"10";39,6142857142857
20281;39;"MOST POKOJU - URZĄD WOJEWÓDZKI";"11";36,2162162162162
20281;39;"MOST POKOJU - URZĄD WOJEWÓDZKI";"12";38,5921052631579
20281;39;"MOST POKOJU - URZĄD WOJEWÓDZKI";"13";44,2839506172839
20281;39;"MOST POKOJU - URZĄD WOJEWÓDZKI";"14";52,2771084337349
20281;39;"MOST POKOJU - URZĄD WOJEWÓDZKI";"15";49,8987341772152
20281;39;"MOST POKOJU - URZĄD WOJEWÓDZKI";"16";NA
20281;39;"MOST POKOJU - URZĄD WOJEWÓDZKI";"17";NA
20281;39;"MOST POKOJU - URZĄD WOJEWÓDZKI";"18";NA
20281;39;"MOST POKOJU - URZĄD WOJEWÓDZKI";"19";45,943661971831
20281;39;"MOST POKOJU - URZĄD WOJEWÓDZKI";"20";50,5797101449275
20281;39;"MOST POKOJU - URZĄD WOJEWÓDZKI";"21";46,9852941176471
20281;39;"MOST POKOJU - URZĄD WOJEWÓDZKI";"22";43,8307692307692
20281;39;"MOST POKOJU - URZĄD WOJEWÓDZKI";"23";17,5
326901;NA;"MIRKÓW WOLNOŚCI";"05";17,6
326901;NA;"MIRKÓW WOLNOŚCI";"06";15,8333333333333
326901;NA;"MIRKÓW WOLNOŚCI";"07";20
326901;NA;"MIRKÓW WOLNOŚCI";"08";21,0909090909091
326901;NA;"MIRKÓW WOLNOŚCI";"09";19,2857142857143
326901;NA;"MIRKÓW WOLNOŚCI";"10";14,7142857142857
326901;NA;"MIRKÓW WOLNOŚCI";"11";20
326901;NA;"MIRKÓW WOLNOŚCI";"12";28,7142857142857
326901;NA;"MIRKÓW WOLNOŚCI";"13";32
326901;NA;"MIRKÓW WOLNOŚCI";"14";35,2222222222222
326901;NA;"MIRKÓW WOLNOŚCI";"15";29
326901;NA;"MIRKÓW WOLNOŚCI";"16";42
326901;NA;"MIRKÓW WOLNOŚCI";"17";27,875
326901;NA;"MIRKÓW WOLNOŚCI";"18";31,25
326901;NA;"MIRKÓW WOLNOŚCI";"19";21,5
326901;NA;"MIRKÓW WOLNOŚCI";"20";32,2857142857143
326901;NA;"MIRKÓW WOLNOŚCI";"21";15,4
326901;NA;"MIRKÓW WOLNOŚCI";"22";9
20324;49;"ŚWISTACKIEGO (KOŚCIUSZKI)";"06";30,5
20324;49;"ŚWISTACKIEGO (KOŚCIUSZKI)";"07";34,2857142857143
20324;49;"ŚWISTACKIEGO (KOŚCIUSZKI)";"08";33,2857142857143
20324;49;"ŚWISTACKIEGO (KOŚCIUSZKI)";"09";16,6666666666667
20324;49;"ŚWISTACKIEGO (KOŚCIUSZKI)";"10";15,25
20324;49;"ŚWISTACKIEGO (KOŚCIUSZKI)";"11";23,25
20324;49;"ŚWISTACKIEGO (KOŚCIUSZKI)";"12";25,75
20324;49;"ŚWISTACKIEGO (KOŚCIUSZKI)";"13";28,0909090909091
20324;49;"ŚWISTACKIEGO (KOŚCIUSZKI)";"14";31,3333333333333
20324;49;"ŚWISTACKIEGO (KOŚCIUSZKI)";"15";25,3529411764706
20324;49;"ŚWISTACKIEGO (KOŚCIUSZKI)";"16";22,1875
20324;49;"ŚWISTACKIEGO (KOŚCIUSZKI)";"17";22
20324;49;"ŚWISTACKIEGO (KOŚCIUSZKI)";"18";24
21161;6;"MOSTOSTAL";"06";29,6363636363636
21161;6;"MOSTOSTAL";"07";36,8888888888889
21161;6;"MOSTOSTAL";"08";19,375
21161;6;"MOSTOSTAL";"09";13
21161;6;"MOSTOSTAL";"11";9,25
21161;6;"MOSTOSTAL";"12";9,16666666666667
21161;6;"MOSTOSTAL";"13";12,1538461538462
21161;6;"MOSTOSTAL";"14";15,4285714285714
21161;6;"MOSTOSTAL";"15";15,1764705882353
21161;6;"MOSTOSTAL";"16";15,1
21161;6;"MOSTOSTAL";"17";15,25
21161;6;"MOSTOSTAL";"18";14,75
23515;10;"ŚWINIARY";"05";4,83333333333333
23515;10;"ŚWINIARY";"06";4,25
23515;10;"ŚWINIARY";"07";6,41666666666667
23515;10;"ŚWINIARY";"08";3,42857142857143
23515;10;"ŚWINIARY";"09";4,84615384615385
23515;10;"ŚWINIARY";"10";4,41666666666667
23515;10;"ŚWINIARY";"11";4,83333333333333
23515;10;"ŚWINIARY";"12";6,08333333333333
23515;10;"ŚWINIARY";"13";5,15384615384615
23515;10;"ŚWINIARY";"14";7,16666666666667
23515;10;"ŚWINIARY";"15";6,18181818181818
23515;10;"ŚWINIARY";"16";5,16666666666667
23515;10;"ŚWINIARY";"17";3,45454545454545
23515;10;"ŚWINIARY";"18";4,16666666666667
23515;10;"ŚWINIARY";"19";3,66666666666667
23515;10;"ŚWINIARY";"20";3,41666666666667
23515;10;"ŚWINIARY";"21";2,58333333333333
23515;10;"ŚWINIARY";"22";1,33333333333333
23515;10;"ŚWINIARY";" 1";3
20261;49;"PODWALE (KOMUNY PARYSKIEJ - DWORCOWA)";"05";15,3666666666667
20261;49;"PODWALE (KOMUNY PARYSKIEJ - DWORCOWA)";"06";15,8837209302326
20261;49;"PODWALE (KOMUNY PARYSKIEJ - DWORCOWA)";"07";NA
20261;49;"PODWALE (KOMUNY PARYSKIEJ - DWORCOWA)";"08";NA
20261;49;"PODWALE (KOMUNY PARYSKIEJ - DWORCOWA)";"09";21,6933333333333
20261;49;"PODWALE (KOMUNY PARYSKIEJ - DWORCOWA)";"10";21,5277777777778
20261;49;"PODWALE (KOMUNY PARYSKIEJ - DWORCOWA)";"11";NA
20261;49;"PODWALE (KOMUNY PARYSKIEJ - DWORCOWA)";"12";25,972602739726
20261;49;"PODWALE (KOMUNY PARYSKIEJ - DWORCOWA)";"13";26,2894736842105
20261;49;"PODWALE (KOMUNY PARYSKIEJ - DWORCOWA)";"14";28,2988505747126
20261;49;"PODWALE (KOMUNY PARYSKIEJ - DWORCOWA)";"15";NA
20261;49;"PODWALE (KOMUNY PARYSKIEJ - DWORCOWA)";"16";28,0674157303371
20261;49;"PODWALE (KOMUNY PARYSKIEJ - DWORCOWA)";"17";NA
20261;49;"PODWALE (KOMUNY PARYSKIEJ - DWORCOWA)";"18";27,7916666666667
20261;49;"PODWALE (KOMUNY PARYSKIEJ - DWORCOWA)";"19";25,3333333333333
20261;49;"PODWALE (KOMUNY PARYSKIEJ - DWORCOWA)";"20";21,5737704918033
20261;49;"PODWALE (KOMUNY PARYSKIEJ - DWORCOWA)";"21";18,4117647058824
20261;49;"PODWALE (KOMUNY PARYSKIEJ - DWORCOWA)";"22";12,7758620689655
20261;49;"PUŁASKIEGO/KOMUNY PARYSKIEJ";"06";24,4
20261;49;"PUŁASKIEGO/KOMUNY PARYSKIEJ";"07";35,9473684210526
20261;49;"PUŁASKIEGO/KOMUNY PARYSKIEJ";"08";37,5294117647059
20261;49;"PUŁASKIEGO/KOMUNY PARYSKIEJ";"09";34
20261;49;"PUŁASKIEGO/KOMUNY PARYSKIEJ";"11";29,3157894736842
20261;49;"PUŁASKIEGO/KOMUNY PARYSKIEJ";"12";27,85
20261;49;"PUŁASKIEGO/KOMUNY PARYSKIEJ";"13";33,16
20261;49;"PUŁASKIEGO/KOMUNY PARYSKIEJ";"14";33,4473684210526
20261;49;"PUŁASKIEGO/KOMUNY PARYSKIEJ";"15";31,4358974358974
20261;49;"PUŁASKIEGO/KOMUNY PARYSKIEJ";"16";30,6578947368421
20261;49;"PUŁASKIEGO/KOMUNY PARYSKIEJ";"17";24,775
20261;49;"PUŁASKIEGO/KOMUNY PARYSKIEJ";"18";21,1666666666667
20261;49;"PUŁASKIEGO WIADUKT KOLEJOWY";"05";18,3333333333333
20261;49;"PUŁASKIEGO WIADUKT KOLEJOWY";"06";13,75
20261;49;"PUŁASKIEGO WIADUKT KOLEJOWY";"07";21,5714285714286
20261;49;"PUŁASKIEGO WIADUKT KOLEJOWY";"08";19,5
20261;49;"PUŁASKIEGO WIADUKT KOLEJOWY";"09";18,125
20261;49;"PUŁASKIEGO WIADUKT KOLEJOWY";"10";28,2857142857143
20261;49;"PUŁASKIEGO WIADUKT KOLEJOWY";"11";21,4285714285714
20261;49;"PUŁASKIEGO WIADUKT KOLEJOWY";"12";22,1428571428571
20261;49;"PUŁASKIEGO WIADUKT KOLEJOWY";"13";12,4285714285714
20261;49;"PUŁASKIEGO WIADUKT KOLEJOWY";"14";18,75
20261;49;"PUŁASKIEGO WIADUKT KOLEJOWY";"15";18,2857142857143
20261;49;"PUŁASKIEGO WIADUKT KOLEJOWY";"16";20,8571428571429
20261;49;"PUŁASKIEGO WIADUKT KOLEJOWY";"17";13,5
20261;49;"PUŁASKIEGO WIADUKT KOLEJOWY";"18";10,125
20261;49;"PUŁASKIEGO WIADUKT KOLEJOWY";"19";6,85714285714286
20261;49;"PUŁASKIEGO WIADUKT KOLEJOWY";"20";8
20261;49;"PUŁASKIEGO WIADUKT KOLEJOWY";"21";7,71428571428571
20261;49;"PUŁASKIEGO WIADUKT KOLEJOWY";"22";2,6
24717;33;"WOJNÓW";"05";0,714285714285714
24717;33;"WOJNÓW";"06";1,42857142857143
24717;33;"WOJNÓW";"07";0,904761904761905
24717;33;"WOJNÓW";"08";1,47368421052632
24717;33;"WOJNÓW";"09";1,25
24717;33;"WOJNÓW";"10";1,05
24717;33;"WOJNÓW";"11";1,5
24717;33;"WOJNÓW";"12";1,35
24717;33;"WOJNÓW";"13";2,3
24717;33;"WOJNÓW";"14";1,66666666666667
24717;33;"WOJNÓW";"15";NA
24717;33;"WOJNÓW";"16";2,80952380952381
24717;33;"WOJNÓW";"17";NA
24717;33;"WOJNÓW";"18";3,10526315789474
24717;33;"WOJNÓW";"19";2,5
24717;33;"WOJNÓW";"20";2,29411764705882
24717;33;"WOJNÓW";"21";2
24717;33;"WOJNÓW";"22";1,21052631578947
24717;33;"WOJNÓW";"23";4
10524;20;"DŁUGA";"06";37,0555555555556
10524;20;"DŁUGA";"07";38,3333333333333
10524;20;"DŁUGA";"08";31,1176470588235
10524;20;"DŁUGA";"09";30
10524;20;"DŁUGA";"11";42,6666666666667
10524;20;"DŁUGA";"12";49,7058823529412
10524;20;"DŁUGA";"13";51,45
10524;20;"DŁUGA";"14";59,6875
10524;20;"DŁUGA";"15";55,1176470588235
10524;20;"DŁUGA";"16";48,5454545454545
10524;20;"DŁUGA";"17";40,1724137931034
10524;20;"DŁUGA";"18";46,4285714285714
11233;66;"WIŚNIOWA/ŚLĘŻNA";"05";5,08333333333333
11233;66;"WIŚNIOWA/ŚLĘŻNA";"06";11,9777777777778
11233;66;"WIŚNIOWA/ŚLĘŻNA";"07";18,3636363636364
11233;66;"WIŚNIOWA/ŚLĘŻNA";"08";15,9782608695652
11233;66;"WIŚNIOWA/ŚLĘŻNA";"09";14,6666666666667
11233;66;"WIŚNIOWA/ŚLĘŻNA";"10";16,8139534883721
11233;66;"WIŚNIOWA/ŚLĘŻNA";"11";19
11233;66;"WIŚNIOWA/ŚLĘŻNA";"12";18,1
11233;66;"WIŚNIOWA/ŚLĘŻNA";"13";15,8048780487805
11233;66;"WIŚNIOWA/ŚLĘŻNA";"14";22,5853658536585
11233;66;"WIŚNIOWA/ŚLĘŻNA";"15";24,4
11233;66;"WIŚNIOWA/ŚLĘŻNA";"16";20,9302325581395
11233;66;"WIŚNIOWA/ŚLĘŻNA";"17";16,3191489361702
11233;66;"WIŚNIOWA/ŚLĘŻNA";"18";14,3658536585366
11233;66;"WIŚNIOWA/ŚLĘŻNA";"19";11,8292682926829
11233;66;"WIŚNIOWA/ŚLĘŻNA";"20";9,38461538461539
11233;66;"WIŚNIOWA/ŚLĘŻNA";"21";8,35294117647059
11233;66;"WIŚNIOWA/ŚLĘŻNA";"22";5,91666666666667
11233;66;"WIŚNIOWA/ŚLĘŻNA";"23";6
12601;26;"KOLISTA (PILCZYCKA)";"05";13,0975609756098
12601;26;"KOLISTA (PILCZYCKA)";"06";NA
12601;26;"KOLISTA (PILCZYCKA)";"07";26,1129032258065
12601;26;"KOLISTA (PILCZYCKA)";"08";NA
12601;26;"KOLISTA (PILCZYCKA)";"09";27,1367521367521
12601;26;"KOLISTA (PILCZYCKA)";"10";NA
12601;26;"KOLISTA (PILCZYCKA)";"11";NA
12601;26;"KOLISTA (PILCZYCKA)";"12";24,6611570247934
12601;26;"KOLISTA (PILCZYCKA)";"13";23,5867768595041
12601;26;"KOLISTA (PILCZYCKA)";"14";NA
12601;26;"KOLISTA (PILCZYCKA)";"15";NA
12601;26;"KOLISTA (PILCZYCKA)";"16";22,6875
12601;26;"KOLISTA (PILCZYCKA)";"17";20,3358208955224
12601;26;"KOLISTA (PILCZYCKA)";"18";18,6015625
12601;26;"KOLISTA (PILCZYCKA)";"19";19,0254237288136
12601;26;"KOLISTA (PILCZYCKA)";"20";16,7295081967213
12601;26;"KOLISTA (PILCZYCKA)";"21";17,9318181818182
12601;26;"KOLISTA (PILCZYCKA)";"22";11,9886363636364
12601;26;"KOLISTA (PILCZYCKA)";"23";5
17733;57;"GAŁOWSKA (SAMOTWÓR)";"06";4,33333333333333
17733;57;"GAŁOWSKA (SAMOTWÓR)";"07";3,66666666666667
17733;57;"GAŁOWSKA (SAMOTWÓR)";"09";5,5
17733;57;"GAŁOWSKA (SAMOTWÓR)";"12";7,75
17733;57;"GAŁOWSKA (SAMOTWÓR)";"14";8,5
17733;57;"GAŁOWSKA (SAMOTWÓR)";"15";4
17733;57;"GAŁOWSKA (SAMOTWÓR)";"16";7,5
17733;57;"GAŁOWSKA (SAMOTWÓR)";"17";7,5
10401;20;"JANA PAWŁA II (MOST SIKORSKIEGO)";"06";22,5384615384615
10401;20;"JANA PAWŁA II (MOST SIKORSKIEGO)";"07";37,3928571428571
10401;20;"JANA PAWŁA II (MOST SIKORSKIEGO)";"08";35,8846153846154
10401;20;"JANA PAWŁA II (MOST SIKORSKIEGO)";"09";29,75
10401;20;"JANA PAWŁA II (MOST SIKORSKIEGO)";"10";27,5
10401;20;"JANA PAWŁA II (MOST SIKORSKIEGO)";"11";25,7837837837838
10401;20;"JANA PAWŁA II (MOST SIKORSKIEGO)";"12";25,5116279069767
10401;20;"JANA PAWŁA II (MOST SIKORSKIEGO)";"13";28,06
10401;20;"JANA PAWŁA II (MOST SIKORSKIEGO)";"14";31,8030303030303
10401;20;"JANA PAWŁA II (MOST SIKORSKIEGO)";"15";29,4782608695652
10401;20;"JANA PAWŁA II (MOST SIKORSKIEGO)";"16";26,8970588235294
10401;20;"JANA PAWŁA II (MOST SIKORSKIEGO)";"17";25,1617647058824
10401;20;"JANA PAWŁA II (MOST SIKORSKIEGO)";"18";22,5
10401;20;"JANA PAWŁA (PODWALE - AKADEMIA MUZYCZNA";"06";17,4933333333333
10401;20;"JANA PAWŁA (PODWALE - AKADEMIA MUZYCZNA";"07";28,7777777777778
10401;20;"JANA PAWŁA (PODWALE - AKADEMIA MUZYCZNA";"08";32,9220779220779
10401;20;"JANA PAWŁA (PODWALE - AKADEMIA MUZYCZNA";"09";29,0833333333333
10401;20;"JANA PAWŁA (PODWALE - AKADEMIA MUZYCZNA";"10";31,6
10401;20;"JANA PAWŁA (PODWALE - AKADEMIA MUZYCZNA";"11";32,9684210526316
10401;20;"JANA PAWŁA (PODWALE - AKADEMIA MUZYCZNA";"12";NA
10401;20;"JANA PAWŁA (PODWALE - AKADEMIA MUZYCZNA";"13";NA
10401;20;"JANA PAWŁA (PODWALE - AKADEMIA MUZYCZNA";"14";NA
10401;20;"JANA PAWŁA (PODWALE - AKADEMIA MUZYCZNA";"15";NA
10401;20;"JANA PAWŁA (PODWALE - AKADEMIA MUZYCZNA";"16";33,0509554140127
10401;20;"JANA PAWŁA (PODWALE - AKADEMIA MUZYCZNA";"17";NA
10401;20;"JANA PAWŁA (PODWALE - AKADEMIA MUZYCZNA";"18";25,8846153846154
10401;20;"PLAC JANA PAWŁA II (LEGNICKA)";"05";23,0263157894737
10401;20;"PLAC JANA PAWŁA II (LEGNICKA)";"06";25,0373831775701
10401;20;"PLAC JANA PAWŁA II (LEGNICKA)";"07";40,0875
10401;20;"PLAC JANA PAWŁA II (LEGNICKA)";"08";34,3931623931624
10401;20;"PLAC JANA PAWŁA II (LEGNICKA)";"09";30,5555555555556
10401;20;"PLAC JANA PAWŁA II (LEGNICKA)";"10";31,0560344827586
10401;20;"PLAC JANA PAWŁA II (LEGNICKA)";"11";32,1471861471861
10401;20;"PLAC JANA PAWŁA II (LEGNICKA)";"12";NA
10401;20;"PLAC JANA PAWŁA II (LEGNICKA)";"13";37,5672268907563
10401;20;"PLAC JANA PAWŁA II (LEGNICKA)";"14";NA
10401;20;"PLAC JANA PAWŁA II (LEGNICKA)";"15";43,5408560311284
10401;20;"PLAC JANA PAWŁA II (LEGNICKA)";"16";42,3103448275862
10401;20;"PLAC JANA PAWŁA II (LEGNICKA)";"17";36,5037878787879
10401;20;"PLAC JANA PAWŁA II (LEGNICKA)";"18";37,1832669322709
10401;20;"PLAC JANA PAWŁA II (LEGNICKA)";"19";30,5367965367965
10401;20;"PLAC JANA PAWŁA II (LEGNICKA)";"20";26,8277511961722
10401;20;"PLAC JANA PAWŁA II (LEGNICKA)";"21";26,5614973262032
10401;20;"PLAC JANA PAWŁA II (LEGNICKA)";"22";17,25
10401;20;"PLAC JANA PAWŁA II (LEGNICKA)";"23";6,5
20817;29;"MOST ZWIERZYNIECKI - KLINIKI";"05";NA
20817;29;"MOST ZWIERZYNIECKI - KLINIKI";"06";NA
20817;29;"MOST ZWIERZYNIECKI - KLINIKI";"07";26,4855072463768
20817;29;"MOST ZWIERZYNIECKI - KLINIKI";"08";25,6805555555556
20817;29;"MOST ZWIERZYNIECKI - KLINIKI";"09";27,5193798449612
20817;29;"MOST ZWIERZYNIECKI - KLINIKI";"10";28,603305785124
20817;29;"MOST ZWIERZYNIECKI - KLINIKI";"11";33,7874015748031
20817;29;"MOST ZWIERZYNIECKI - KLINIKI";"12";38,2845528455285
20817;29;"MOST ZWIERZYNIECKI - KLINIKI";"13";38,280303030303
20817;29;"MOST ZWIERZYNIECKI - KLINIKI";"14";39,7172413793103
20817;29;"MOST ZWIERZYNIECKI - KLINIKI";"15";40,486301369863
20817;29;"MOST ZWIERZYNIECKI - KLINIKI";"16";39,6122448979592
20817;29;"MOST ZWIERZYNIECKI - KLINIKI";"17";39,6928571428571
20817;29;"MOST ZWIERZYNIECKI - KLINIKI";"18";35,219696969697
20817;29;"MOST ZWIERZYNIECKI - KLINIKI";"19";NA
20817;29;"MOST ZWIERZYNIECKI - KLINIKI";"20";27,7606837606838
20817;29;"MOST ZWIERZYNIECKI - KLINIKI";"21";21,5423728813559
20817;29;"MOST ZWIERZYNIECKI - KLINIKI";"22";18,265306122449
24107;54;"C.H. KORONA (KRZYWOUSTEGO WIADUKT)";"05";15,8153846153846
24107;54;"C.H. KORONA (KRZYWOUSTEGO WIADUKT)";"06";18,9444444444444
24107;54;"C.H. KORONA (KRZYWOUSTEGO WIADUKT)";"07";26,3488372093023
24107;54;"C.H. KORONA (KRZYWOUSTEGO WIADUKT)";"08";21,0887096774194
24107;54;"C.H. KORONA (KRZYWOUSTEGO WIADUKT)";"09";20,6538461538462
24107;54;"C.H. KORONA (KRZYWOUSTEGO WIADUKT)";"10";23,4591836734694
24107;54;"C.H. KORONA (KRZYWOUSTEGO WIADUKT)";"11";25,4311926605505
24107;54;"C.H. KORONA (KRZYWOUSTEGO WIADUKT)";"12";29,09
24107;54;"C.H. KORONA (KRZYWOUSTEGO WIADUKT)";"13";31,2941176470588
24107;54;"C.H. KORONA (KRZYWOUSTEGO WIADUKT)";"14";32,9777777777778
24107;54;"C.H. KORONA (KRZYWOUSTEGO WIADUKT)";"15";33,0582524271845
24107;54;"C.H. KORONA (KRZYWOUSTEGO WIADUKT)";"16";34,4388489208633
24107;54;"C.H. KORONA (KRZYWOUSTEGO WIADUKT)";"17";27,0909090909091
24107;54;"C.H. KORONA (KRZYWOUSTEGO WIADUKT)";"18";29,0854700854701
24107;54;"C.H. KORONA (KRZYWOUSTEGO WIADUKT)";"19";NA
24107;54;"C.H. KORONA (KRZYWOUSTEGO WIADUKT)";"20";17,7755102040816
24107;54;"C.H. KORONA (KRZYWOUSTEGO WIADUKT)";"21";16,3185840707965
24107;54;"C.H. KORONA (KRZYWOUSTEGO WIADUKT)";"22";12,1386138613861
24107;54;"C.H. KORONA (KRZYWOUSTEGO WIADUKT)";"23";10,1428571428571
11612;62;"GRABISZYŃSKA CMENTARZ";"05";5,11111111111111
11612;62;"GRABISZYŃSKA CMENTARZ";"06";4,52205882352941
11612;62;"GRABISZYŃSKA CMENTARZ";"07";6,37313432835821
11612;62;"GRABISZYŃSKA CMENTARZ";"08";8,37121212121212
11612;62;"GRABISZYŃSKA CMENTARZ";"09";10,7083333333333
11612;62;"GRABISZYŃSKA CMENTARZ";"10";11,2222222222222
11612;62;"GRABISZYŃSKA CMENTARZ";"11";13,0336134453782
11612;62;"GRABISZYŃSKA CMENTARZ";"12";13,5333333333333
11612;62;"GRABISZYŃSKA CMENTARZ";"13";13,568
11612;62;"GRABISZYŃSKA CMENTARZ";"14";10,9185185185185
11612;62;"GRABISZYŃSKA CMENTARZ";"15";11,7573529411765
11612;62;"GRABISZYŃSKA CMENTARZ";"16";12,1111111111111
11612;62;"GRABISZYŃSKA CMENTARZ";"17";9,09722222222222
11612;62;"GRABISZYŃSKA CMENTARZ";"18";7,88461538461539
11612;62;"GRABISZYŃSKA CMENTARZ";"19";6,21848739495798
11612;62;"GRABISZYŃSKA CMENTARZ";"20";4,35294117647059
11612;62;"GRABISZYŃSKA CMENTARZ";"21";3,0859375
11612;62;"GRABISZYŃSKA CMENTARZ";"22";3,04273504273504
11612;62;"GRABISZYŃSKA CMENTARZ";"23";2,25
20201;49;"PLAC WRÓBLEWSKIEGO";"05";26,5714285714286
20201;49;"PLAC WRÓBLEWSKIEGO";"06";27,3111111111111
20201;49;"PLAC WRÓBLEWSKIEGO";"07";50,0454545454545
20201;49;"PLAC WRÓBLEWSKIEGO";"08";41,6046511627907
20201;49;"PLAC WRÓBLEWSKIEGO";"09";37,8809523809524
20201;49;"PLAC WRÓBLEWSKIEGO";"10";37,225
20201;49;"PLAC WRÓBLEWSKIEGO";"11";37,7
20201;49;"PLAC WRÓBLEWSKIEGO";"12";45,0769230769231
20201;49;"PLAC WRÓBLEWSKIEGO";"13";49,6
20201;49;"PLAC WRÓBLEWSKIEGO";"14";56,3571428571429
20201;49;"PLAC WRÓBLEWSKIEGO";"15";41,9302325581395
20201;49;"PLAC WRÓBLEWSKIEGO";"16";43,0666666666667
20201;49;"PLAC WRÓBLEWSKIEGO";"17";36,4444444444444
20201;49;"PLAC WRÓBLEWSKIEGO";"18";42,7045454545455
20201;49;"PLAC WRÓBLEWSKIEGO";"19";44,6944444444444
20201;49;"PLAC WRÓBLEWSKIEGO";"20";39,6
20201;49;"PLAC WRÓBLEWSKIEGO";"21";33,2424242424242
20201;49;"PLAC WRÓBLEWSKIEGO";"22";22,1944444444444
20201;49;"PLAC WRÓBLEWSKIEGO";"23";3
24209;32;"9 MAJA";"05";11,8421052631579
24209;32;"9 MAJA";"06";9,45762711864407
24209;32;"9 MAJA";"07";17,15
24209;32;"9 MAJA";"08";15,0338983050847
24209;32;"9 MAJA";"09";16,4090909090909
24209;32;"9 MAJA";"10";17,75
24209;32;"9 MAJA";"11";19,2241379310345
24209;32;"9 MAJA";"12";20,5593220338983
24209;32;"9 MAJA";"13";20,1551724137931
24209;32;"9 MAJA";"14";22,859375
24209;32;"9 MAJA";"15";21,4769230769231
24209;32;"9 MAJA";"16";21,6515151515152
24209;32;"9 MAJA";"17";21,3709677419355
24209;32;"9 MAJA";"18";17,95
24209;32;"9 MAJA";"19";15
24209;32;"9 MAJA";"20";15,3529411764706
24209;32;"9 MAJA";"21";14,1320754716981
24209;32;"9 MAJA";"22";11,3404255319149
24209;32;"9 MAJA";"23";3
11209;73;"HALLERA/POWSTAŃCÓW ŚLĄSKICH";"05";17,1764705882353
11209;73;"HALLERA/POWSTAŃCÓW ŚLĄSKICH";"06";22,1063829787234
11209;73;"HALLERA/POWSTAŃCÓW ŚLĄSKICH";"07";26,9444444444444
11209;73;"HALLERA/POWSTAŃCÓW ŚLĄSKICH";"08";23,9433962264151
11209;73;"HALLERA/POWSTAŃCÓW ŚLĄSKICH";"09";23,2878787878788
11209;73;"HALLERA/POWSTAŃCÓW ŚLĄSKICH";"10";22,0625
11209;73;"HALLERA/POWSTAŃCÓW ŚLĄSKICH";"11";24,1774193548387
11209;73;"HALLERA/POWSTAŃCÓW ŚLĄSKICH";"12";23,3968253968254
11209;73;"HALLERA/POWSTAŃCÓW ŚLĄSKICH";"13";24,8
11209;73;"HALLERA/POWSTAŃCÓW ŚLĄSKICH";"14";24,6417910447761
11209;73;"HALLERA/POWSTAŃCÓW ŚLĄSKICH";"15";25,0952380952381
11209;73;"HALLERA/POWSTAŃCÓW ŚLĄSKICH";"16";21,9152542372881
11209;73;"HALLERA/POWSTAŃCÓW ŚLĄSKICH";"17";18,1641791044776
11209;73;"HALLERA/POWSTAŃCÓW ŚLĄSKICH";"18";16,78125
11209;73;"HALLERA/POWSTAŃCÓW ŚLĄSKICH";"19";12,5230769230769
11209;73;"HALLERA/POWSTAŃCÓW ŚLĄSKICH";"20";14,6551724137931
11209;73;"HALLERA/POWSTAŃCÓW ŚLĄSKICH";"21";11,35
11209;73;"HALLERA/POWSTAŃCÓW ŚLĄSKICH";"22";7,42424242424242
11209;73;"POWSTAŃCÓW ŚLĄSKICH/HALLERA";"05";11,5733333333333
11209;73;"POWSTAŃCÓW ŚLĄSKICH/HALLERA";"06";NA
11209;73;"POWSTAŃCÓW ŚLĄSKICH/HALLERA";"07";24,8368421052632
11209;73;"POWSTAŃCÓW ŚLĄSKICH/HALLERA";"08";26,0160427807487
11209;73;"POWSTAŃCÓW ŚLĄSKICH/HALLERA";"09";NA
11209;73;"POWSTAŃCÓW ŚLĄSKICH/HALLERA";"10";25,606936416185
11209;73;"POWSTAŃCÓW ŚLĄSKICH/HALLERA";"11";27,9122807017544
11209;73;"POWSTAŃCÓW ŚLĄSKICH/HALLERA";"12";28,0344827586207
11209;73;"POWSTAŃCÓW ŚLĄSKICH/HALLERA";"13";28,703125
11209;73;"POWSTAŃCÓW ŚLĄSKICH/HALLERA";"14";29,719387755102
11209;73;"POWSTAŃCÓW ŚLĄSKICH/HALLERA";"15";28,9435897435897
11209;73;"POWSTAŃCÓW ŚLĄSKICH/HALLERA";"16";35,0514285714286
11209;73;"POWSTAŃCÓW ŚLĄSKICH/HALLERA";"17";NA
11209;73;"POWSTAŃCÓW ŚLĄSKICH/HALLERA";"18";NA
11209;73;"POWSTAŃCÓW ŚLĄSKICH/HALLERA";"19";NA
11209;73;"POWSTAŃCÓW ŚLĄSKICH/HALLERA";"20";NA
11209;73;"POWSTAŃCÓW ŚLĄSKICH/HALLERA";"21";NA
11209;73;"POWSTAŃCÓW ŚLĄSKICH/HALLERA";"22";11,0127388535032
11209;73;"POWSTAŃCÓW ŚLĄSKICH/HALLERA";"23";8,33333333333333
18725;15;"KRZELOWSKA (WILKSZYŃSKA)";"05";18,3333333333333
18725;15;"KRZELOWSKA (WILKSZYŃSKA)";"06";9,5
18725;15;"KRZELOWSKA (WILKSZYŃSKA)";"07";7,85714285714286
18725;15;"KRZELOWSKA (WILKSZYŃSKA)";"08";12,5
18725;15;"KRZELOWSKA (WILKSZYŃSKA)";"09";10,3333333333333
18725;15;"KRZELOWSKA (WILKSZYŃSKA)";"10";17,5
18725;15;"KRZELOWSKA (WILKSZYŃSKA)";"11";10,5
18725;15;"KRZELOWSKA (WILKSZYŃSKA)";"12";10,8333333333333
18725;15;"KRZELOWSKA (WILKSZYŃSKA)";"13";5,16666666666667
18725;15;"KRZELOWSKA (WILKSZYŃSKA)";"14";14,7142857142857
18725;15;"KRZELOWSKA (WILKSZYŃSKA)";"15";8,25
18725;15;"KRZELOWSKA (WILKSZYŃSKA)";"16";12
18725;15;"KRZELOWSKA (WILKSZYŃSKA)";"17";6
18725;15;"KRZELOWSKA (WILKSZYŃSKA)";"18";9,66666666666667
18725;15;"KRZELOWSKA (WILKSZYŃSKA)";"19";7,66666666666667
18725;15;"KRZELOWSKA (WILKSZYŃSKA)";"20";3,5
18725;15;"KRZELOWSKA (WILKSZYŃSKA)";"21";4
18725;15;"KRZELOWSKA (WILKSZYŃSKA)";"22";4
23529;16;"WIDAWA";"05";10
23529;16;"WIDAWA";"06";11,4
23529;16;"WIDAWA";"07";17,4
23529;16;"WIDAWA";"08";14,3
23529;16;"WIDAWA";"09";7,5
23529;16;"WIDAWA";"10";7,16666666666667
23529;16;"WIDAWA";"11";9,2
23529;16;"WIDAWA";"12";9,35714285714286
23529;16;"WIDAWA";"13";7,16666666666667
23529;16;"WIDAWA";"14";9,75
23529;16;"WIDAWA";"15";13,9166666666667
23529;16;"WIDAWA";"16";14,2
23529;16;"WIDAWA";"17";13,2
23529;16;"WIDAWA";"18";14,5555555555556
23529;16;"WIDAWA";"19";10,75
23529;16;"WIDAWA";"20";11,5714285714286
23529;16;"WIDAWA";"21";6,5
23529;16;"WIDAWA";"22";5,75
16720;74;"POŁABIAN (CZEKOLADOWA)";"06";9
16720;74;"POŁABIAN (CZEKOLADOWA)";"07";9,42857142857143
16720;74;"POŁABIAN (CZEKOLADOWA)";"08";11,7142857142857
16720;74;"POŁABIAN (CZEKOLADOWA)";"09";21,8333333333333
16720;74;"POŁABIAN (CZEKOLADOWA)";"10";23
16720;74;"POŁABIAN (CZEKOLADOWA)";"11";21,125
16720;74;"POŁABIAN (CZEKOLADOWA)";"12";23,75
16720;74;"POŁABIAN (CZEKOLADOWA)";"13";25
16720;74;"POŁABIAN (CZEKOLADOWA)";"14";19,875
16720;74;"POŁABIAN (CZEKOLADOWA)";"15";22,5
16720;74;"POŁABIAN (CZEKOLADOWA)";"16";21,25
16720;74;"POŁABIAN (CZEKOLADOWA)";"17";20,2142857142857
16720;74;"POŁABIAN (CZEKOLADOWA)";"18";25
26105;76;"LAMOWICE";"05";8
26105;76;"LAMOWICE";"06";13,5416666666667
26105;76;"LAMOWICE";"07";17,2916666666667
26105;76;"LAMOWICE";"08";11,84
26105;76;"LAMOWICE";"09";10,8
26105;76;"LAMOWICE";"10";10,5882352941176
26105;76;"LAMOWICE";"11";11,9285714285714
26105;76;"LAMOWICE";"12";12,375
26105;76;"LAMOWICE";"13";12,7083333333333
26105;76;"LAMOWICE";"14";11,75
26105;76;"LAMOWICE";"15";15,7826086956522
26105;76;"LAMOWICE";"16";14,5833333333333
26105;76;"LAMOWICE";"17";7
26105;76;"LAMOWICE";"18";8,22222222222222
26105;76;"LAMOWICE";"19";8,5
26105;76;"LAMOWICE";"20";7,17647058823529
26105;76;"LAMOWICE";"21";3,28571428571429
26105;76;"LAMOWICE";"22";3,08333333333333
26105;76;"LAMOWICE";"23";1
24408;40;"TRAMWAJOWA (OLSZEWSKIEGO)";"05";4,58536585365854
24408;40;"TRAMWAJOWA (OLSZEWSKIEGO)";"06";NA
24408;40;"TRAMWAJOWA (OLSZEWSKIEGO)";"07";NA
24408;40;"TRAMWAJOWA (OLSZEWSKIEGO)";"08";NA
24408;40;"TRAMWAJOWA (OLSZEWSKIEGO)";"09";18,1696428571429
24408;40;"TRAMWAJOWA (OLSZEWSKIEGO)";"10";19,5
24408;40;"TRAMWAJOWA (OLSZEWSKIEGO)";"11";23,1851851851852
24408;40;"TRAMWAJOWA (OLSZEWSKIEGO)";"12";20,877358490566
24408;40;"TRAMWAJOWA (OLSZEWSKIEGO)";"13";25,9316239316239
24408;40;"TRAMWAJOWA (OLSZEWSKIEGO)";"14";24,6311475409836
24408;40;"TRAMWAJOWA (OLSZEWSKIEGO)";"15";25,1190476190476
24408;40;"TRAMWAJOWA (OLSZEWSKIEGO)";"16";24,5483870967742
24408;40;"TRAMWAJOWA (OLSZEWSKIEGO)";"17";23,8292682926829
24408;40;"TRAMWAJOWA (OLSZEWSKIEGO)";"18";23,9814814814815
24408;40;"TRAMWAJOWA (OLSZEWSKIEGO)";"19";24,2989690721649
24408;40;"TRAMWAJOWA (OLSZEWSKIEGO)";"20";16,2761904761905
24408;40;"TRAMWAJOWA (OLSZEWSKIEGO)";"21";12,5047619047619
24408;40;"TRAMWAJOWA (OLSZEWSKIEGO)";"22";7,6
23133;47;"POLA (KASPROWICZA)";"06";10,2857142857143
23133;47;"POLA (KASPROWICZA)";"07";23,6857142857143
23133;47;"POLA (KASPROWICZA)";"08";14,1428571428571
23133;47;"POLA (KASPROWICZA)";"09";14,7727272727273
23133;47;"POLA (KASPROWICZA)";"10";2
23133;47;"POLA (KASPROWICZA)";"11";NA
23133;47;"POLA (KASPROWICZA)";"12";18,25
23133;47;"POLA (KASPROWICZA)";"13";NA
23133;47;"POLA (KASPROWICZA)";"14";NA
23133;47;"POLA (KASPROWICZA)";"15";21,1818181818182
23133;47;"POLA (KASPROWICZA)";"16";NA
23133;47;"POLA (KASPROWICZA)";"17";NA
23133;47;"POLA (KASPROWICZA)";"18";15,3
10413;20;"ŚRUBOWA";"06";24,1803278688525
10413;20;"ŚRUBOWA";"07";34,5396825396825
10413;20;"ŚRUBOWA";"08";28,0166666666667
10413;20;"ŚRUBOWA";"09";27,75
10413;20;"ŚRUBOWA";"11";19,5882352941176
10413;20;"ŚRUBOWA";"12";21,7285714285714
10413;20;"ŚRUBOWA";"13";23,1473684210526
10413;20;"ŚRUBOWA";"14";23,1111111111111
10413;20;"ŚRUBOWA";"15";23,7910447761194
10413;20;"ŚRUBOWA";"16";21,5703703703704
10413;20;"ŚRUBOWA";"17";19,503937007874
10413;20;"ŚRUBOWA";"18";12,3809523809524
20669;19;"WYSZYŃSKIEGO";"06";NA
20669;19;"WYSZYŃSKIEGO";"07";NA
20669;19;"WYSZYŃSKIEGO";"08";NA
20669;19;"WYSZYŃSKIEGO";"09";21,1764705882353
20669;19;"WYSZYŃSKIEGO";"11";31,9285714285714
20669;19;"WYSZYŃSKIEGO";"12";35
20669;19;"WYSZYŃSKIEGO";"13";35,5869565217391
20669;19;"WYSZYŃSKIEGO";"14";38,2941176470588
20669;19;"WYSZYŃSKIEGO";"15";33,8771929824561
20669;19;"WYSZYŃSKIEGO";"16";34,4655172413793
20669;19;"WYSZYŃSKIEGO";"17";32,2857142857143
20669;19;"WYSZYŃSKIEGO";"18";33,5714285714286
12205;34;"KWISKA (LEGNICKA)";"05";18,7391304347826
12205;34;"KWISKA (LEGNICKA)";"06";20,0696517412935
12205;34;"KWISKA (LEGNICKA)";"07";25,6666666666667
12205;34;"KWISKA (LEGNICKA)";"08";26,0926829268293
12205;34;"KWISKA (LEGNICKA)";"09";27,4558823529412
12205;34;"KWISKA (LEGNICKA)";"10";28,5
12205;34;"KWISKA (LEGNICKA)";"11";34,2459893048128
12205;34;"KWISKA (LEGNICKA)";"12";36,0362694300518
12205;34;"KWISKA (LEGNICKA)";"13";37,9308510638298
12205;34;"KWISKA (LEGNICKA)";"14";35,1898148148148
12205;34;"KWISKA (LEGNICKA)";"15";37,0967741935484
12205;34;"KWISKA (LEGNICKA)";"16";NA
12205;34;"KWISKA (LEGNICKA)";"17";30,8227272727273
12205;34;"KWISKA (LEGNICKA)";"18";31,771144278607
12205;34;"KWISKA (LEGNICKA)";"19";NA
12205;34;"KWISKA (LEGNICKA)";"20";NA
12205;34;"KWISKA (LEGNICKA)";"21";25,5911949685535
12205;34;"KWISKA (LEGNICKA)";"22";18,8079470198675
12205;34;"KWISKA (LEGNICKA)";"23";24
23717;47;"PL.DANIŁOWSKIEGO (PRZYBYSZEWSKIEGO)";"05";9,8
23717;47;"PL.DANIŁOWSKIEGO (PRZYBYSZEWSKIEGO)";"06";13,4857142857143
23717;47;"PL.DANIŁOWSKIEGO (PRZYBYSZEWSKIEGO)";"07";21,25
23717;47;"PL.DANIŁOWSKIEGO (PRZYBYSZEWSKIEGO)";"08";14,1555555555556
23717;47;"PL.DANIŁOWSKIEGO (PRZYBYSZEWSKIEGO)";"09";15,2432432432432
23717;47;"PL.DANIŁOWSKIEGO (PRZYBYSZEWSKIEGO)";"10";20,0810810810811
23717;47;"PL.DANIŁOWSKIEGO (PRZYBYSZEWSKIEGO)";"11";23,4358974358974
23717;47;"PL.DANIŁOWSKIEGO (PRZYBYSZEWSKIEGO)";"12";24,2702702702703
23717;47;"PL.DANIŁOWSKIEGO (PRZYBYSZEWSKIEGO)";"13";27,093023255814
23717;47;"PL.DANIŁOWSKIEGO (PRZYBYSZEWSKIEGO)";"14";NA
23717;47;"PL.DANIŁOWSKIEGO (PRZYBYSZEWSKIEGO)";"15";31,0952380952381
23717;47;"PL.DANIŁOWSKIEGO (PRZYBYSZEWSKIEGO)";"16";26,2
23717;47;"PL.DANIŁOWSKIEGO (PRZYBYSZEWSKIEGO)";"17";19,8095238095238
23717;47;"PL.DANIŁOWSKIEGO (PRZYBYSZEWSKIEGO)";"18";15,3157894736842
23717;47;"PL.DANIŁOWSKIEGO (PRZYBYSZEWSKIEGO)";"19";17,972972972973
23717;47;"PL.DANIŁOWSKIEGO (PRZYBYSZEWSKIEGO)";"20";10,6153846153846
23717;47;"PL.DANIŁOWSKIEGO (PRZYBYSZEWSKIEGO)";"21";6,85185185185185
23717;47;"PL.DANIŁOWSKIEGO (PRZYBYSZEWSKIEGO)";"22";7,3
25007;70;"PARK WSCHODNI";"06";18,2083333333333
25007;70;"PARK WSCHODNI";"07";26,2
25007;70;"PARK WSCHODNI";"08";18,4864864864865
25007;70;"PARK WSCHODNI";"09";19,9411764705882
25007;70;"PARK WSCHODNI";"11";21,5945945945946
25007;70;"PARK WSCHODNI";"12";NA
25007;70;"PARK WSCHODNI";"13";29,7307692307692
25007;70;"PARK WSCHODNI";"14";24,1973684210526
25007;70;"PARK WSCHODNI";"15";25,7375
25007;70;"PARK WSCHODNI";"16";26,5921052631579
25007;70;"PARK WSCHODNI";"17";23,9875
25007;70;"PARK WSCHODNI";"18";25,4166666666667
20821;29;"MOST GRUNWALDZKI";"06";26,5555555555556
20821;29;"MOST GRUNWALDZKI";"07";48,5211267605634
20821;29;"MOST GRUNWALDZKI";"08";42,0571428571429
20821;29;"MOST GRUNWALDZKI";"09";51,6923076923077
20821;29;"MOST GRUNWALDZKI";"11";34,8813559322034
20821;29;"MOST GRUNWALDZKI";"12";35,5166666666667
20821;29;"MOST GRUNWALDZKI";"13";41,1756756756757
20821;29;"MOST GRUNWALDZKI";"14";41,4565217391304
20821;29;"MOST GRUNWALDZKI";"15";41,9527559055118
20821;29;"MOST GRUNWALDZKI";"16";42,4692307692308
20821;29;"MOST GRUNWALDZKI";"17";38,2677165354331
20821;29;"MOST GRUNWALDZKI";"18";32,1052631578947
12315;56;"WEJHEROWSKA (WEJHEROWSKA)";"06";20,8611111111111
12315;56;"WEJHEROWSKA (WEJHEROWSKA)";"07";25,5526315789474
12315;56;"WEJHEROWSKA (WEJHEROWSKA)";"08";18,9117647058824
12315;56;"WEJHEROWSKA (WEJHEROWSKA)";"09";16
12315;56;"WEJHEROWSKA (WEJHEROWSKA)";"11";18,8648648648649
12315;56;"WEJHEROWSKA (WEJHEROWSKA)";"12";22,6829268292683
12315;56;"WEJHEROWSKA (WEJHEROWSKA)";"13";20,1538461538462
12315;56;"WEJHEROWSKA (WEJHEROWSKA)";"14";23,986301369863
12315;56;"WEJHEROWSKA (WEJHEROWSKA)";"15";21,7260273972603
12315;56;"WEJHEROWSKA (WEJHEROWSKA)";"16";21,96
12315;56;"WEJHEROWSKA (WEJHEROWSKA)";"17";20,8289473684211
12315;56;"WEJHEROWSKA (WEJHEROWSKA)";"18";22,6
82024003;NA;"ZABRODZIE";"06";4,5
82024003;NA;"ZABRODZIE";"07";8
82024003;NA;"ZABRODZIE";"09";9
82024003;NA;"ZABRODZIE";"11";6,5
82024003;NA;"ZABRODZIE";"14";7,66666666666667
82024003;NA;"ZABRODZIE";"16";5,5
82024003;NA;"ZABRODZIE";"17";4
25009;22;"KARWIŃSKA";"05";10,1176470588235
25009;22;"KARWIŃSKA";"06";13,7469879518072
25009;22;"KARWIŃSKA";"07";19,0123456790123
25009;22;"KARWIŃSKA";"08";15,6923076923077
25009;22;"KARWIŃSKA";"09";15,6338028169014
25009;22;"KARWIŃSKA";"10";16,7887323943662
25009;22;"KARWIŃSKA";"11";17,2923076923077
25009;22;"KARWIŃSKA";"12";19,5416666666667
25009;22;"KARWIŃSKA";"13";19,2857142857143
25009;22;"KARWIŃSKA";"14";20,5443037974684
25009;22;"KARWIŃSKA";"15";21,3448275862069
25009;22;"KARWIŃSKA";"16";NA
25009;22;"KARWIŃSKA";"17";18,0117647058824
25009;22;"KARWIŃSKA";"18";NA
25009;22;"KARWIŃSKA";"19";NA
25009;22;"KARWIŃSKA";"20";11,8461538461538
25009;22;"KARWIŃSKA";"21";10,2
25009;22;"KARWIŃSKA";"22";6,14285714285714
29321;53;"SZEWCZENKI";"05";22,5
29321;53;"SZEWCZENKI";"06";17,6923076923077
29321;53;"SZEWCZENKI";"07";25
29321;53;"SZEWCZENKI";"08";26
29321;53;"SZEWCZENKI";"09";10
29321;53;"SZEWCZENKI";"11";22,5
29321;53;"SZEWCZENKI";"12";20,2
29321;53;"SZEWCZENKI";"13";23,5454545454545
29321;53;"SZEWCZENKI";"14";16,5625
29321;53;"SZEWCZENKI";"15";21,5294117647059
29321;53;"SZEWCZENKI";"16";20,9375
29321;53;"SZEWCZENKI";"17";20
29321;53;"SZEWCZENKI";"18";18,8
11403;61;"STALOWA (GRABISZYŃSKA)";"05";12,044776119403
11403;61;"STALOWA (GRABISZYŃSKA)";"06";14,9266666666667
11403;61;"STALOWA (GRABISZYŃSKA)";"07";26,5116279069767
11403;61;"STALOWA (GRABISZYŃSKA)";"08";23,25
11403;61;"STALOWA (GRABISZYŃSKA)";"09";22,7874015748031
11403;61;"STALOWA (GRABISZYŃSKA)";"10";NA
11403;61;"STALOWA (GRABISZYŃSKA)";"11";NA
11403;61;"STALOWA (GRABISZYŃSKA)";"12";NA
11403;61;"STALOWA (GRABISZYŃSKA)";"13";NA
11403;61;"STALOWA (GRABISZYŃSKA)";"14";27,1889763779528
11403;61;"STALOWA (GRABISZYŃSKA)";"15";29,9917355371901
11403;61;"STALOWA (GRABISZYŃSKA)";"16";27,7121212121212
11403;61;"STALOWA (GRABISZYŃSKA)";"17";25,4661654135338
11403;61;"STALOWA (GRABISZYŃSKA)";"18";21,4126984126984
11403;61;"STALOWA (GRABISZYŃSKA)";"19";20,0086206896552
11403;61;"STALOWA (GRABISZYŃSKA)";"20";16,9212598425197
11403;61;"STALOWA (GRABISZYŃSKA)";"21";12,4507042253521
11403;61;"STALOWA (GRABISZYŃSKA)";"22";10,6132075471698
11403;61;"STALOWA (GRABISZYŃSKA)";"23";28
24016;54;"KOWALE STACJA KOLEJOWA";"06";23,5
24016;54;"KOWALE STACJA KOLEJOWA";"07";23,4
24016;54;"KOWALE STACJA KOLEJOWA";"08";26,75
24016;54;"KOWALE STACJA KOLEJOWA";"09";18
24016;54;"KOWALE STACJA KOLEJOWA";"10";15
24016;54;"KOWALE STACJA KOLEJOWA";"11";21,75
24016;54;"KOWALE STACJA KOLEJOWA";"12";15,25
24016;54;"KOWALE STACJA KOLEJOWA";"13";29,1428571428571
24016;54;"KOWALE STACJA KOLEJOWA";"14";14,75
24016;54;"KOWALE STACJA KOLEJOWA";"15";17,2857142857143
24016;54;"KOWALE STACJA KOLEJOWA";"16";23,125
24016;54;"KOWALE STACJA KOLEJOWA";"17";24,2
24016;54;"KOWALE STACJA KOLEJOWA";"18";12
50000053;59;"STARODWORSKA";"06";4,5
50000053;59;"STARODWORSKA";"07";5,75
50000053;59;"STARODWORSKA";"08";2
50000053;59;"STARODWORSKA";"09";3,5
50000053;59;"STARODWORSKA";"11";7,5
50000053;59;"STARODWORSKA";"12";3
50000053;59;"STARODWORSKA";"13";5
50000053;59;"STARODWORSKA";"14";9,4
50000053;59;"STARODWORSKA";"15";6,25
50000053;59;"STARODWORSKA";"16";4,83333333333333
50000053;59;"STARODWORSKA";"17";3,875
50000053;59;"STARODWORSKA";"18";2,5
20621;19;"PLAC BEMA";"05";19,2340425531915
20621;19;"PLAC BEMA";"06";NA
20621;19;"PLAC BEMA";"07";NA
20621;19;"PLAC BEMA";"08";NA
20621;19;"PLAC BEMA";"09";NA
20621;19;"PLAC BEMA";"10";NA
20621;19;"PLAC BEMA";"11";NA
20621;19;"PLAC BEMA";"12";NA
20621;19;"PLAC BEMA";"13";NA
20621;19;"PLAC BEMA";"14";39,6424242424242
20621;19;"PLAC BEMA";"15";43,7826086956522
20621;19;"PLAC BEMA";"16";45,6
20621;19;"PLAC BEMA";"17";42,0062111801242
20621;19;"PLAC BEMA";"18";43,4230769230769
20621;19;"PLAC BEMA";"19";38,9275362318841
20621;19;"PLAC BEMA";"20";37,6618705035971
20621;19;"PLAC BEMA";"21";31,75
20621;19;"PLAC BEMA";"22";27,2931034482759
20621;19;"PLAC BEMA";"23";80
10407;20;"ZACHODNIA STACJA KOLEJOWA";"06";38,3492063492063
10407;20;"ZACHODNIA STACJA KOLEJOWA";"07";49,1159420289855
10407;20;"ZACHODNIA STACJA KOLEJOWA";"08";45,2285714285714
10407;20;"ZACHODNIA STACJA KOLEJOWA";"09";43,7352941176471
10407;20;"ZACHODNIA STACJA KOLEJOWA";"10";60,5714285714286
10407;20;"ZACHODNIA STACJA KOLEJOWA";"11";46,7428571428571
10407;20;"ZACHODNIA STACJA KOLEJOWA";"12";NA
10407;20;"ZACHODNIA STACJA KOLEJOWA";"13";NA
10407;20;"ZACHODNIA STACJA KOLEJOWA";"14";NA
10407;20;"ZACHODNIA STACJA KOLEJOWA";"15";NA
10407;20;"ZACHODNIA STACJA KOLEJOWA";"16";NA
10407;20;"ZACHODNIA STACJA KOLEJOWA";"17";NA
10407;20;"ZACHODNIA STACJA KOLEJOWA";"18";NA
12111;36;"ROGOWSKA";"06";15,4333333333333
12111;36;"ROGOWSKA";"07";18,741935483871
12111;36;"ROGOWSKA";"08";16,03125
12111;36;"ROGOWSKA";"09";18,75
12111;36;"ROGOWSKA";"11";18,5128205128205
12111;36;"ROGOWSKA";"12";18,325
12111;36;"ROGOWSKA";"13";23,2452830188679
12111;36;"ROGOWSKA";"14";25,2089552238806
12111;36;"ROGOWSKA";"15";24,2352941176471
12111;36;"ROGOWSKA";"16";22,7246376811594
12111;36;"ROGOWSKA";"17";19,7611940298507
12111;36;"ROGOWSKA";"18";20,2666666666667
23154;43;"OBORNICKA OBWODNICA (TARGI PIAST)";"06";24,4285714285714
23154;43;"OBORNICKA OBWODNICA (TARGI PIAST)";"07";36,3333333333333
23154;43;"OBORNICKA OBWODNICA (TARGI PIAST)";"08";23,9
23154;43;"OBORNICKA OBWODNICA (TARGI PIAST)";"09";25,3333333333333
23154;43;"OBORNICKA OBWODNICA (TARGI PIAST)";"10";18
23154;43;"OBORNICKA OBWODNICA (TARGI PIAST)";"11";15,375
23154;43;"OBORNICKA OBWODNICA (TARGI PIAST)";"12";18,125
23154;43;"OBORNICKA OBWODNICA (TARGI PIAST)";"13";15
23154;43;"OBORNICKA OBWODNICA (TARGI PIAST)";"14";19,125
23154;43;"OBORNICKA OBWODNICA (TARGI PIAST)";"15";NA
23154;43;"OBORNICKA OBWODNICA (TARGI PIAST)";"16";13,25
23154;43;"OBORNICKA OBWODNICA (TARGI PIAST)";"17";16
23154;43;"OBORNICKA OBWODNICA (TARGI PIAST)";"18";19
24009;54;"KWIDZYŃSKA (KWIDZYŃSKA)";"06";10,9473684210526
24009;54;"KWIDZYŃSKA (KWIDZYŃSKA)";"07";16,9
24009;54;"KWIDZYŃSKA (KWIDZYŃSKA)";"08";13,6
24009;54;"KWIDZYŃSKA (KWIDZYŃSKA)";"09";8
24009;54;"KWIDZYŃSKA (KWIDZYŃSKA)";"11";5,5
24009;54;"KWIDZYŃSKA (KWIDZYŃSKA)";"12";6,16666666666667
24009;54;"KWIDZYŃSKA (KWIDZYŃSKA)";"13";10,3888888888889
24009;54;"KWIDZYŃSKA (KWIDZYŃSKA)";"14";14,8695652173913
24009;54;"KWIDZYŃSKA (KWIDZYŃSKA)";"15";12,2142857142857
24009;54;"KWIDZYŃSKA (KWIDZYŃSKA)";"16";10,6363636363636
24009;54;"KWIDZYŃSKA (KWIDZYŃSKA)";"17";11,1904761904762
24009;54;"KWIDZYŃSKA (KWIDZYŃSKA)";"18";8,25
16401;24;"RADIO I TELEWIZJA";"06";27,25
16401;24;"RADIO I TELEWIZJA";"07";34,8125
16401;24;"RADIO I TELEWIZJA";"08";25,1666666666667
16401;24;"RADIO I TELEWIZJA";"09";19,25
16401;24;"RADIO I TELEWIZJA";"11";NA
16401;24;"RADIO I TELEWIZJA";"12";NA
16401;24;"RADIO I TELEWIZJA";"13";NA
16401;24;"RADIO I TELEWIZJA";"14";NA
16401;24;"RADIO I TELEWIZJA";"15";NA
16401;24;"RADIO I TELEWIZJA";"16";NA
16401;24;"RADIO I TELEWIZJA";"17";NA
16401;24;"RADIO I TELEWIZJA";"18";28
26101;76;"BUFOROWA";"06";16,9090909090909
26101;76;"BUFOROWA";"07";23,7826086956522
26101;76;"BUFOROWA";"08";14,95
26101;76;"BUFOROWA";"09";20,375
26101;76;"BUFOROWA";"11";22,6923076923077
26101;76;"BUFOROWA";"12";25,6666666666667
26101;76;"BUFOROWA";"13";17,5416666666667
26101;76;"BUFOROWA";"14";17,4324324324324
26101;76;"BUFOROWA";"15";24,5
26101;76;"BUFOROWA";"16";19,2777777777778
26101;76;"BUFOROWA";"17";19,8529411764706
26101;76;"BUFOROWA";"18";32,25
11320;66;"EUREKA (KOŁŁĄTAJA)";"06";33,1012658227848
11320;66;"EUREKA (KOŁŁĄTAJA)";"07";44,8604651162791
11320;66;"EUREKA (KOŁŁĄTAJA)";"08";42,5949367088608
11320;66;"EUREKA (KOŁŁĄTAJA)";"09";39,5945945945946
11320;66;"EUREKA (KOŁŁĄTAJA)";"10";38,4
11320;66;"EUREKA (KOŁŁĄTAJA)";"11";34,5054945054945
11320;66;"EUREKA (KOŁŁĄTAJA)";"12";36,593023255814
11320;66;"EUREKA (KOŁŁĄTAJA)";"13";NA
11320;66;"EUREKA (KOŁŁĄTAJA)";"14";NA
11320;66;"EUREKA (KOŁŁĄTAJA)";"15";NA
11320;66;"EUREKA (KOŁŁĄTAJA)";"16";NA
11320;66;"EUREKA (KOŁŁĄTAJA)";"17";NA
11320;66;"EUREKA (KOŁŁĄTAJA)";"18";42
11525;61;"KOLBUSZOWSKA STADION";"06";16,3125
11525;61;"KOLBUSZOWSKA STADION";"07";24,6875
11525;61;"KOLBUSZOWSKA STADION";"08";17,5714285714286
11525;61;"KOLBUSZOWSKA STADION";"09";20,2
11525;61;"KOLBUSZOWSKA STADION";"11";19,3888888888889
11525;61;"KOLBUSZOWSKA STADION";"12";16,3888888888889
11525;61;"KOLBUSZOWSKA STADION";"13";14,5925925925926
11525;61;"KOLBUSZOWSKA STADION";"14";19,7647058823529
11525;61;"KOLBUSZOWSKA STADION";"15";19
11525;61;"KOLBUSZOWSKA STADION";"16";16,8333333333333
11525;61;"KOLBUSZOWSKA STADION";"17";15,8387096774194
11525;61;"KOLBUSZOWSKA STADION";"18";14,2
10541;20;"DWORZEC ŚWIEBODZKI";"05";21,3125
10541;20;"DWORZEC ŚWIEBODZKI";"06";19,7741935483871
10541;20;"DWORZEC ŚWIEBODZKI";"07";27,9242424242424
10541;20;"DWORZEC ŚWIEBODZKI";"08";30,4237288135593
10541;20;"DWORZEC ŚWIEBODZKI";"09";31,4363636363636
10541;20;"DWORZEC ŚWIEBODZKI";"10";32,3061224489796
10541;20;"DWORZEC ŚWIEBODZKI";"11";34,0377358490566
10541;20;"DWORZEC ŚWIEBODZKI";"12";31,3137254901961
10541;20;"DWORZEC ŚWIEBODZKI";"13";40,2363636363636
10541;20;"DWORZEC ŚWIEBODZKI";"14";35,5862068965517
10541;20;"DWORZEC ŚWIEBODZKI";"15";36,3174603174603
10541;20;"DWORZEC ŚWIEBODZKI";"16";29,3389830508475
10541;20;"DWORZEC ŚWIEBODZKI";"17";NA
10541;20;"DWORZEC ŚWIEBODZKI";"18";28,5636363636364
10541;20;"DWORZEC ŚWIEBODZKI";"19";20,75
10541;20;"DWORZEC ŚWIEBODZKI";"20";20,3333333333333
10541;20;"DWORZEC ŚWIEBODZKI";"21";16,7391304347826
10541;20;"DWORZEC ŚWIEBODZKI";"22";13,7111111111111
29305;53;"MROŹNA (SZEWCZENKI)";"05";NA
29305;53;"MROŹNA (SZEWCZENKI)";"06";19,5
29305;53;"MROŹNA (SZEWCZENKI)";"07";22,6363636363636
29305;53;"MROŹNA (SZEWCZENKI)";"08";14,5
29305;53;"MROŹNA (SZEWCZENKI)";"09";17,6666666666667
29305;53;"MROŹNA (SZEWCZENKI)";"10";19,5
29305;53;"MROŹNA (SZEWCZENKI)";"11";20,8571428571429
29305;53;"MROŹNA (SZEWCZENKI)";"12";23,2857142857143
29305;53;"MROŹNA (SZEWCZENKI)";"13";18,1666666666667
29305;53;"MROŹNA (SZEWCZENKI)";"14";30,625
29305;53;"MROŹNA (SZEWCZENKI)";"15";33,125
29305;53;"MROŹNA (SZEWCZENKI)";"16";36,375
29305;53;"MROŹNA (SZEWCZENKI)";"17";14,2222222222222
29305;53;"MROŹNA (SZEWCZENKI)";"18";18,6666666666667
29305;53;"MROŹNA (SZEWCZENKI)";"19";18,6666666666667
29305;53;"MROŹNA (SZEWCZENKI)";"20";17,6
29305;53;"MROŹNA (SZEWCZENKI)";"21";18,8333333333333
29305;53;"MROŹNA (SZEWCZENKI)";"22";9,16666666666667
29305;53;"MROŹNA (SZEWCZENKI)";"23";7
11323;65;"ZIELIŃSKIEGO";"05";8,90909090909091
11323;65;"ZIELIŃSKIEGO";"06";12,4838709677419
11323;65;"ZIELIŃSKIEGO";"07";22,9142857142857
11323;65;"ZIELIŃSKIEGO";"08";21,6
11323;65;"ZIELIŃSKIEGO";"09";17,3809523809524
11323;65;"ZIELIŃSKIEGO";"10";19,530612244898
11323;65;"ZIELIŃSKIEGO";"11";19,936170212766
11323;65;"ZIELIŃSKIEGO";"12";23,6304347826087
11323;65;"ZIELIŃSKIEGO";"13";18
11323;65;"ZIELIŃSKIEGO";"14";20,4042553191489
11323;65;"ZIELIŃSKIEGO";"15";21,3265306122449
11323;65;"ZIELIŃSKIEGO";"16";16,7659574468085
11323;65;"ZIELIŃSKIEGO";"17";16
11323;65;"ZIELIŃSKIEGO";"18";14,2173913043478
11323;65;"ZIELIŃSKIEGO";"19";NA
11323;65;"ZIELIŃSKIEGO";"20";13,8611111111111
11323;65;"ZIELIŃSKIEGO";"21";NA
11323;65;"ZIELIŃSKIEGO";"22";8,27272727272727
11323;65;"ZIELIŃSKIEGO";"23";8
10233;60;"ARKADY (POWSTAŃCÓW ŚLĄSKICH";"05";10,5806451612903
10233;60;"ARKADY (POWSTAŃCÓW ŚLĄSKICH";"06";21,3167701863354
10233;60;"ARKADY (POWSTAŃCÓW ŚLĄSKICH";"07";36,8051948051948
10233;60;"ARKADY (POWSTAŃCÓW ŚLĄSKICH";"08";37,1341463414634
10233;60;"ARKADY (POWSTAŃCÓW ŚLĄSKICH";"09";33,89375
10233;60;"ARKADY (POWSTAŃCÓW ŚLĄSKICH";"10";33,7086092715232
10233;60;"ARKADY (POWSTAŃCÓW ŚLĄSKICH";"11";39,1192052980132
10233;60;"ARKADY (POWSTAŃCÓW ŚLĄSKICH";"12";38,5067567567568
10233;60;"ARKADY (POWSTAŃCÓW ŚLĄSKICH";"13";40,01875
10233;60;"ARKADY (POWSTAŃCÓW ŚLĄSKICH";"14";40,8433734939759
10233;60;"ARKADY (POWSTAŃCÓW ŚLĄSKICH";"15";43,3850931677019
10233;60;"ARKADY (POWSTAŃCÓW ŚLĄSKICH";"16";41,8614457831325
10233;60;"ARKADY (POWSTAŃCÓW ŚLĄSKICH";"17";35,8924050632911
10233;60;"ARKADY (POWSTAŃCÓW ŚLĄSKICH";"18";37,1974522292994
10233;60;"ARKADY (POWSTAŃCÓW ŚLĄSKICH";"19";NA
10233;60;"ARKADY (POWSTAŃCÓW ŚLĄSKICH";"20";33,3928571428571
10233;60;"ARKADY (POWSTAŃCÓW ŚLĄSKICH";"21";27,2101449275362
10233;60;"ARKADY (POWSTAŃCÓW ŚLĄSKICH";"22";19,0492957746479
10233;60;"ARKADY (POWSTAŃCÓW ŚLĄSKICH";"23";16,3333333333333
10233;60;"ARKADY (ŚWIDNICKA)";"06";23,5593220338983
10233;60;"ARKADY (ŚWIDNICKA)";"07";46,5757575757576
10233;60;"ARKADY (ŚWIDNICKA)";"08";39,9230769230769
10233;60;"ARKADY (ŚWIDNICKA)";"09";NA
10233;60;"ARKADY (ŚWIDNICKA)";"11";30,5569620253165
10233;60;"ARKADY (ŚWIDNICKA)";"12";34,0625
10233;60;"ARKADY (ŚWIDNICKA)";"13";38,0105263157895
10233;60;"ARKADY (ŚWIDNICKA)";"14";40,5034013605442
10233;60;"ARKADY (ŚWIDNICKA)";"15";41,0902777777778
10233;60;"ARKADY (ŚWIDNICKA)";"16";NA
10233;60;"ARKADY (ŚWIDNICKA)";"17";NA
10233;60;"ARKADY (ŚWIDNICKA)";"18";28,68
12541;18;"BYSTRZYCKA";"05";19,5652173913043
12541;18;"BYSTRZYCKA";"06";21,21875
12541;18;"BYSTRZYCKA";"07";18,9710144927536
12541;18;"BYSTRZYCKA";"08";17,7692307692308
12541;18;"BYSTRZYCKA";"09";15,5066666666667
12541;18;"BYSTRZYCKA";"10";16,0833333333333
12541;18;"BYSTRZYCKA";"11";16,7826086956522
12541;18;"BYSTRZYCKA";"12";20,943661971831
12541;18;"BYSTRZYCKA";"13";26,3521126760563
12541;18;"BYSTRZYCKA";"14";27,8904109589041
12541;18;"BYSTRZYCKA";"15";23,3714285714286
12541;18;"BYSTRZYCKA";"16";NA
12541;18;"BYSTRZYCKA";"17";23,056338028169
12541;18;"BYSTRZYCKA";"18";18,8450704225352
12541;18;"BYSTRZYCKA";"19";NA
12541;18;"BYSTRZYCKA";"20";12,1714285714286
12541;18;"BYSTRZYCKA";"21";11,962962962963
12541;18;"BYSTRZYCKA";"22";11,4878048780488
12541;18;"BYSTRZYCKA";"23";5,5
20617;58;"MOST TRZEBNICKI - TRZEBNICKA";"05";10,9487179487179
20617;58;"MOST TRZEBNICKI - TRZEBNICKA";"06";16,5698924731183
20617;58;"MOST TRZEBNICKI - TRZEBNICKA";"07";23,0392156862745
20617;58;"MOST TRZEBNICKI - TRZEBNICKA";"08";NA
20617;58;"MOST TRZEBNICKI - TRZEBNICKA";"09";NA
20617;58;"MOST TRZEBNICKI - TRZEBNICKA";"10";20,8818181818182
20617;58;"MOST TRZEBNICKI - TRZEBNICKA";"11";NA
20617;58;"MOST TRZEBNICKI - TRZEBNICKA";"12";NA
20617;58;"MOST TRZEBNICKI - TRZEBNICKA";"13";NA
20617;58;"MOST TRZEBNICKI - TRZEBNICKA";"14";NA
20617;58;"MOST TRZEBNICKI - TRZEBNICKA";"15";NA
20617;58;"MOST TRZEBNICKI - TRZEBNICKA";"16";NA
20617;58;"MOST TRZEBNICKI - TRZEBNICKA";"17";NA
20617;58;"MOST TRZEBNICKI - TRZEBNICKA";"18";NA
20617;58;"MOST TRZEBNICKI - TRZEBNICKA";"19";NA
20617;58;"MOST TRZEBNICKI - TRZEBNICKA";"20";16,4193548387097
20617;58;"MOST TRZEBNICKI - TRZEBNICKA";"21";NA
20617;58;"MOST TRZEBNICKI - TRZEBNICKA";"22";NA
25513;59;"ZALEWOWA (OPATOWICKA)";"06";10
25513;59;"ZALEWOWA (OPATOWICKA)";"07";8
25513;59;"ZALEWOWA (OPATOWICKA)";"08";13
25513;59;"ZALEWOWA (OPATOWICKA)";"09";5
25513;59;"ZALEWOWA (OPATOWICKA)";"10";5
25513;59;"ZALEWOWA (OPATOWICKA)";"12";3
25513;59;"ZALEWOWA (OPATOWICKA)";"13";8,66666666666667
25513;59;"ZALEWOWA (OPATOWICKA)";"14";5
25513;59;"ZALEWOWA (OPATOWICKA)";"15";8,2
25513;59;"ZALEWOWA (OPATOWICKA)";"16";3,5
25513;59;"ZALEWOWA (OPATOWICKA)";"17";4,2
25513;59;"ZALEWOWA (OPATOWICKA)";"19";4,5
20609;19;"DWORZEC NADODRZE";"05";7,76119402985075
20609;19;"DWORZEC NADODRZE";"06";13,6791443850267
20609;19;"DWORZEC NADODRZE";"07";21,4086538461538
20609;19;"DWORZEC NADODRZE";"08";18,1435406698565
20609;19;"DWORZEC NADODRZE";"09";20,8325358851675
20609;19;"DWORZEC NADODRZE";"10";21,6186046511628
20609;19;"DWORZEC NADODRZE";"11";22,8461538461538
20609;19;"DWORZEC NADODRZE";"12";26,6872427983539
20609;19;"DWORZEC NADODRZE";"13";NA
20609;19;"DWORZEC NADODRZE";"14";NA
20609;19;"DWORZEC NADODRZE";"15";NA
20609;19;"DWORZEC NADODRZE";"16";NA
20609;19;"DWORZEC NADODRZE";"17";NA
20609;19;"DWORZEC NADODRZE";"18";23,1030042918455
20609;19;"DWORZEC NADODRZE";"19";20,3863636363636
20609;19;"DWORZEC NADODRZE";"20";18,4974874371859
20609;19;"DWORZEC NADODRZE";"21";16,3936170212766
20609;19;"DWORZEC NADODRZE";"22";12,0284090909091
20609;19;"DWORZEC NADODRZE";"23";0
23109;52;"MOST MILENIJNY (OSOBOWICKA)";"06";4,34615384615385
23109;52;"MOST MILENIJNY (OSOBOWICKA)";"07";6,80769230769231
23109;52;"MOST MILENIJNY (OSOBOWICKA)";"08";4,40740740740741
23109;52;"MOST MILENIJNY (OSOBOWICKA)";"09";8,4375
23109;52;"MOST MILENIJNY (OSOBOWICKA)";"10";14,6
23109;52;"MOST MILENIJNY (OSOBOWICKA)";"11";7,31034482758621
23109;52;"MOST MILENIJNY (OSOBOWICKA)";"12";7,75
23109;52;"MOST MILENIJNY (OSOBOWICKA)";"13";6,86046511627907
23109;52;"MOST MILENIJNY (OSOBOWICKA)";"14";9,04918032786885
23109;52;"MOST MILENIJNY (OSOBOWICKA)";"15";7,67213114754098
23109;52;"MOST MILENIJNY (OSOBOWICKA)";"16";7,05172413793103
23109;52;"MOST MILENIJNY (OSOBOWICKA)";"17";6,24242424242424
23109;52;"MOST MILENIJNY (OSOBOWICKA)";"18";11,75
23109;52;"MOST MILENIJNY - HALA ORBITA";"05";NA
23109;52;"MOST MILENIJNY - HALA ORBITA";"06";14,9166666666667
23109;52;"MOST MILENIJNY - HALA ORBITA";"07";21,3333333333333
23109;52;"MOST MILENIJNY - HALA ORBITA";"08";14,2666666666667
23109;52;"MOST MILENIJNY - HALA ORBITA";"09";20,1515151515152
23109;52;"MOST MILENIJNY - HALA ORBITA";"10";21,6551724137931
23109;52;"MOST MILENIJNY - HALA ORBITA";"11";25,741935483871
23109;52;"MOST MILENIJNY - HALA ORBITA";"12";NA
23109;52;"MOST MILENIJNY - HALA ORBITA";"13";27,2352941176471
23109;52;"MOST MILENIJNY - HALA ORBITA";"14";NA
23109;52;"MOST MILENIJNY - HALA ORBITA";"15";25,8235294117647
23109;52;"MOST MILENIJNY - HALA ORBITA";"16";24,4117647058824
23109;52;"MOST MILENIJNY - HALA ORBITA";"17";23,0588235294118
23109;52;"MOST MILENIJNY - HALA ORBITA";"18";19,6285714285714
23109;52;"MOST MILENIJNY - HALA ORBITA";"19";18,9333333333333
23109;52;"MOST MILENIJNY - HALA ORBITA";"20";11,6923076923077
23109;52;"MOST MILENIJNY - HALA ORBITA";"21";12,8888888888889
23109;52;"MOST MILENIJNY - HALA ORBITA";"22";6,90909090909091
20815;29;"PL.GRUNWALDZKI (wylot na most Grunwaldzki)";"05";23,1578947368421
20815;29;"PL.GRUNWALDZKI (wylot na most Grunwaldzki)";"06";25,0521739130435
20815;29;"PL.GRUNWALDZKI (wylot na most Grunwaldzki)";"07";44,8015267175573
20815;29;"PL.GRUNWALDZKI (wylot na most Grunwaldzki)";"08";39,2285714285714
20815;29;"PL.GRUNWALDZKI (wylot na most Grunwaldzki)";"09";40,208
20815;29;"PL.GRUNWALDZKI (wylot na most Grunwaldzki)";"10";NA
20815;29;"PL.GRUNWALDZKI (wylot na most Grunwaldzki)";"11";NA
20815;29;"PL.GRUNWALDZKI (wylot na most Grunwaldzki)";"12";NA
20815;29;"PL.GRUNWALDZKI (wylot na most Grunwaldzki)";"13";48,8347826086957
20815;29;"PL.GRUNWALDZKI (wylot na most Grunwaldzki)";"14";NA
20815;29;"PL.GRUNWALDZKI (wylot na most Grunwaldzki)";"15";47,6619718309859
20815;29;"PL.GRUNWALDZKI (wylot na most Grunwaldzki)";"16";45,4785714285714
20815;29;"PL.GRUNWALDZKI (wylot na most Grunwaldzki)";"17";42,4057971014493
20815;29;"PL.GRUNWALDZKI (wylot na most Grunwaldzki)";"18";NA
20815;29;"PL.GRUNWALDZKI (wylot na most Grunwaldzki)";"19";29,5714285714286
20815;29;"PL.GRUNWALDZKI (wylot na most Grunwaldzki)";"20";29,3168316831683
20815;29;"PL.GRUNWALDZKI (wylot na most Grunwaldzki)";"21";21,4
20815;29;"PL.GRUNWALDZKI (wylot na most Grunwaldzki)";"22";18,2083333333333
20815;29;"PL.GRUNWALDZKI (wylot na most Grunwaldzki)";"23";14,5
20815;29;"PL.GRUNWALDZKI (wylot na most Zwierzyniecki)";"05";13
20815;29;"PL.GRUNWALDZKI (wylot na most Zwierzyniecki)";"06";16,5188679245283
20815;29;"PL.GRUNWALDZKI (wylot na most Zwierzyniecki)";"07";27,4661016949153
20815;29;"PL.GRUNWALDZKI (wylot na most Zwierzyniecki)";"08";27,5172413793103
20815;29;"PL.GRUNWALDZKI (wylot na most Zwierzyniecki)";"09";29,6846846846847
20815;29;"PL.GRUNWALDZKI (wylot na most Zwierzyniecki)";"10";33,2178217821782
20815;29;"PL.GRUNWALDZKI (wylot na most Zwierzyniecki)";"11";38,7425742574257
20815;29;"PL.GRUNWALDZKI (wylot na most Zwierzyniecki)";"12";40,0480769230769
20815;29;"PL.GRUNWALDZKI (wylot na most Zwierzyniecki)";"13";42,4528301886792
20815;29;"PL.GRUNWALDZKI (wylot na most Zwierzyniecki)";"14";38,75
20815;29;"PL.GRUNWALDZKI (wylot na most Zwierzyniecki)";"15";39,3739837398374
20815;29;"PL.GRUNWALDZKI (wylot na most Zwierzyniecki)";"16";NA
20815;29;"PL.GRUNWALDZKI (wylot na most Zwierzyniecki)";"17";NA
20815;29;"PL.GRUNWALDZKI (wylot na most Zwierzyniecki)";"18";NA
20815;29;"PL.GRUNWALDZKI (wylot na most Zwierzyniecki)";"19";NA
20815;29;"PL.GRUNWALDZKI (wylot na most Zwierzyniecki)";"20";23,5714285714286
20815;29;"PL.GRUNWALDZKI (wylot na most Zwierzyniecki)";"21";17,5643564356436
20815;29;"PL.GRUNWALDZKI (wylot na most Zwierzyniecki)";"22";19,2875
20815;29;"PL.GRUNWALDZKI (wylot na Piastowską, oś Grunwaldzką, most Szczytnicki)";"05";15,8974358974359
20815;29;"PL.GRUNWALDZKI (wylot na Piastowską, oś Grunwaldzką, most Szczytnicki)";"06";16,6636363636364
20815;29;"PL.GRUNWALDZKI (wylot na Piastowską, oś Grunwaldzką, most Szczytnicki)";"07";27,8880597014925
20815;29;"PL.GRUNWALDZKI (wylot na Piastowską, oś Grunwaldzką, most Szczytnicki)";"08";24,1854838709677
20815;29;"PL.GRUNWALDZKI (wylot na Piastowską, oś Grunwaldzką, most Szczytnicki)";"09";28,8547008547009
20815;29;"PL.GRUNWALDZKI (wylot na Piastowską, oś Grunwaldzką, most Szczytnicki)";"10";28,0462962962963
20815;29;"PL.GRUNWALDZKI (wylot na Piastowską, oś Grunwaldzką, most Szczytnicki)";"11";30,2909090909091
20815;29;"PL.GRUNWALDZKI (wylot na Piastowską, oś Grunwaldzką, most Szczytnicki)";"12";33,3207547169811
20815;29;"PL.GRUNWALDZKI (wylot na Piastowską, oś Grunwaldzką, most Szczytnicki)";"13";34,8272727272727
20815;29;"PL.GRUNWALDZKI (wylot na Piastowską, oś Grunwaldzką, most Szczytnicki)";"14";35,3939393939394
20815;29;"PL.GRUNWALDZKI (wylot na Piastowską, oś Grunwaldzką, most Szczytnicki)";"15";31,3676470588235
20815;29;"PL.GRUNWALDZKI (wylot na Piastowską, oś Grunwaldzką, most Szczytnicki)";"16";34,4264705882353
20815;29;"PL.GRUNWALDZKI (wylot na Piastowską, oś Grunwaldzką, most Szczytnicki)";"17";30,1185185185185
20815;29;"PL.GRUNWALDZKI (wylot na Piastowską, oś Grunwaldzką, most Szczytnicki)";"18";32,1896551724138
20815;29;"PL.GRUNWALDZKI (wylot na Piastowską, oś Grunwaldzką, most Szczytnicki)";"19";33,5533980582524
20815;29;"PL.GRUNWALDZKI (wylot na Piastowską, oś Grunwaldzką, most Szczytnicki)";"20";26,8762886597938
20815;29;"PL.GRUNWALDZKI (wylot na Piastowską, oś Grunwaldzką, most Szczytnicki)";"21";19,48
20815;29;"PL.GRUNWALDZKI (wylot na Piastowską, oś Grunwaldzką, most Szczytnicki)";"22";14,7285714285714
20815;29;"PL.GRUNWALDZKI (wylot od Szczytnickiej, Reja)";"05";5,59259259259259
20815;29;"PL.GRUNWALDZKI (wylot od Szczytnickiej, Reja)";"06";NA
20815;29;"PL.GRUNWALDZKI (wylot od Szczytnickiej, Reja)";"07";NA
20815;29;"PL.GRUNWALDZKI (wylot od Szczytnickiej, Reja)";"08";NA
20815;29;"PL.GRUNWALDZKI (wylot od Szczytnickiej, Reja)";"09";26,9428571428571
20815;29;"PL.GRUNWALDZKI (wylot od Szczytnickiej, Reja)";"10";NA
20815;29;"PL.GRUNWALDZKI (wylot od Szczytnickiej, Reja)";"11";NA
20815;29;"PL.GRUNWALDZKI (wylot od Szczytnickiej, Reja)";"12";NA
20815;29;"PL.GRUNWALDZKI (wylot od Szczytnickiej, Reja)";"13";34,768115942029
20815;29;"PL.GRUNWALDZKI (wylot od Szczytnickiej, Reja)";"14";NA
20815;29;"PL.GRUNWALDZKI (wylot od Szczytnickiej, Reja)";"15";31,8101265822785
20815;29;"PL.GRUNWALDZKI (wylot od Szczytnickiej, Reja)";"16";31,2368421052632
20815;29;"PL.GRUNWALDZKI (wylot od Szczytnickiej, Reja)";"17";NA
20815;29;"PL.GRUNWALDZKI (wylot od Szczytnickiej, Reja)";"18";NA
20815;29;"PL.GRUNWALDZKI (wylot od Szczytnickiej, Reja)";"19";NA
20815;29;"PL.GRUNWALDZKI (wylot od Szczytnickiej, Reja)";"20";NA
20815;29;"PL.GRUNWALDZKI (wylot od Szczytnickiej, Reja)";"21";24,7678571428571
20815;29;"PL.GRUNWALDZKI (wylot od Szczytnickiej, Reja)";"22";24,2037037037037
20815;29;"PL.GRUNWALDZKI (wylot od Szczytnickiej, Reja)";"23";115
11453;72;"MIELECKA (HALLERA)";"06";22,4285714285714
11453;72;"MIELECKA (HALLERA)";"07";31,9677419354839
11453;72;"MIELECKA (HALLERA)";"08";32,4827586206897
11453;72;"MIELECKA (HALLERA)";"09";24,4
11453;72;"MIELECKA (HALLERA)";"11";28,9677419354839
11453;72;"MIELECKA (HALLERA)";"12";30,5
11453;72;"MIELECKA (HALLERA)";"13";32,5106382978723
11453;72;"MIELECKA (HALLERA)";"14";35,0535714285714
11453;72;"MIELECKA (HALLERA)";"15";35,9491525423729
11453;72;"MIELECKA (HALLERA)";"16";NA
11453;72;"MIELECKA (HALLERA)";"17";31,983606557377
11453;72;"MIELECKA (HALLERA)";"18";25,2857142857143
11451;73;"GAJOWICKA";"06";20,1333333333333
11451;73;"GAJOWICKA";"07";30,75
11451;73;"GAJOWICKA";"08";18,75
11451;73;"GAJOWICKA";"09";13,3333333333333
11451;73;"GAJOWICKA";"11";14,34375
11451;73;"GAJOWICKA";"12";14,9375
11451;73;"GAJOWICKA";"13";20,725
11451;73;"GAJOWICKA";"14";22,5102040816327
11451;73;"GAJOWICKA";"15";20,6666666666667
11451;73;"GAJOWICKA";"16";20,9347826086957
11451;73;"GAJOWICKA";"17";19,74
11451;73;"GAJOWICKA";"18";19,5384615384615
11343;66;"DRUKARSKA (KAMIENNA)";"06";26,45
11343;66;"DRUKARSKA (KAMIENNA)";"07";40,55
11343;66;"DRUKARSKA (KAMIENNA)";"08";33,2777777777778
11343;66;"DRUKARSKA (KAMIENNA)";"09";36,8571428571429
11343;66;"DRUKARSKA (KAMIENNA)";"10";7
11343;66;"DRUKARSKA (KAMIENNA)";"11";20,1304347826087
11343;66;"DRUKARSKA (KAMIENNA)";"12";21,5833333333333
11343;66;"DRUKARSKA (KAMIENNA)";"13";29,3666666666667
11343;66;"DRUKARSKA (KAMIENNA)";"14";33,5853658536585
11343;66;"DRUKARSKA (KAMIENNA)";"15";35,775
11343;66;"DRUKARSKA (KAMIENNA)";"16";30,4615384615385
11343;66;"DRUKARSKA (KAMIENNA)";"17";27,75
11343;66;"DRUKARSKA (KAMIENNA)";"18";25,6666666666667
11205;65;"RONDO ROTMISTRZA PILECKIEGO";"06";27,4761904761905
11205;65;"RONDO ROTMISTRZA PILECKIEGO";"07";29,1578947368421
11205;65;"RONDO ROTMISTRZA PILECKIEGO";"08";18,2777777777778
11205;65;"RONDO ROTMISTRZA PILECKIEGO";"09";17,6
11205;65;"RONDO ROTMISTRZA PILECKIEGO";"11";29,75
11205;65;"RONDO ROTMISTRZA PILECKIEGO";"12";33,2222222222222
11205;65;"RONDO ROTMISTRZA PILECKIEGO";"13";32,6756756756757
11205;65;"RONDO ROTMISTRZA PILECKIEGO";"14";33,875
11205;65;"RONDO ROTMISTRZA PILECKIEGO";"15";32,1346153846154
11205;65;"RONDO ROTMISTRZA PILECKIEGO";"16";30,0816326530612
11205;65;"RONDO ROTMISTRZA PILECKIEGO";"17";29,6122448979592
11205;65;"RONDO ROTMISTRZA PILECKIEGO";"18";30,8181818181818
